Type,Country,Quantity (kg),Value (US$),Year
Uvas frescas,Argélia,,,1979
Uvas frescas,Argentina,490090.0,419189.0,1979
Uvas frescas,Brasil,,,1979
Uvas frescas,Chile,3032695.0,2400561.0,1979
Uvas frescas,Colômbia,250150.0,229134.0,1979
Uvas frescas,Egito,,,1979
Uvas frescas,Espanha,70000.0,40600.0,1979
Uvas frescas,Estados Unidos,35014.0,27840.0,1979
Uvas frescas,Grécia,,,1979
Uvas frescas,Itália,,,1979
Uvas frescas,México,59980.0,53982.0,1979
Uvas frescas,Peru,,,1979
Uvas frescas,Paraguai,,,1979
Uvas frescas,Portugal,,,1979
Uvas frescas,Panamá,,,1979
Uvas frescas,Reino Unido,,,1979
Uvas frescas,Uruguai,,,1979
Uvas frescas,Venezuela,,,1979
Uvas frescas,Não consta na tabela,,,1979
Uvas frescas,Outros,,,1979
Uvas frescas,Total,3937929.0,3171306.0,1979
Suco de uva,Africa do Sul,,,1979
Suco de uva,Alemanha,,,1979
Suco de uva,Argentina,,,1979
Suco de uva,Austria,,,1979
Suco de uva,Canadá,,,1979
Suco de uva,"Coreia do Sul, República",,,1979
Suco de uva,"Coreia do Norte, República",,,1979
Suco de uva,Chile,,,1979
Suco de uva,China,,,1979
Suco de uva,Dinamarca,49.0,64.0,1979
Suco de uva,Espanha,,,1979
Suco de uva,Estados Unidos,,,1979
Suco de uva,França,,,1979
Suco de uva,Guiana,,,1979
Suco de uva,Israel,,,1979
Suco de uva,itália,,,1979
Suco de uva,Japão,,,1979
Suco de uva,Líbano,,,1979
Suco de uva,México,,,1979
Suco de uva,Países Baixos,,,1979
Suco de uva,Panamá,,,1979
Suco de uva,Peru,,,1979
Suco de uva,Portugal,,,1979
Suco de uva,Reino Unido,,,1979
Suco de uva,Taiwan,,,1979
Suco de uva,Turquia,,,1979
Suco de uva,Uruguai,,,1979
Suco de uva,Venezuela,,,1979
Suco de uva,Outros,,,1979
Suco de uva,Total,49.0,64.0,1979
Vinhos de mesa,Africa do Sul,,,1980
Vinhos de mesa,Alemanha,457033.0,704307.0,1980
Vinhos de mesa,Argélia,,,1980
Vinhos de mesa,Arábia Saudita,,,1980
Vinhos de mesa,Argentina,298471.0,479464.0,1980
Vinhos de mesa,Armênia,,,1980
Vinhos de mesa,Austrália,,,1980
Vinhos de mesa,Áustria,2385.0,5878.0,1980
Vinhos de mesa,Bermudas,,,1980
Vinhos de mesa,Bélgica,,,1980
Vinhos de mesa,Bolívia,,,1980
Vinhos de mesa,Bósnia-Herzegovina,,,1980
Vinhos de mesa,Brasil,,,1980
Vinhos de mesa,Bulgária,,,1980
Vinhos de mesa,Canada,,,1980
Vinhos de mesa,Chile,2568586.0,3199365.0,1980
Vinhos de mesa,China,,,1980
Vinhos de mesa,"Coreia do Sul, República",,,1980
Vinhos de mesa,Croácia,,,1980
Vinhos de mesa,Cuba,,,1980
Vinhos de mesa,Emirados Árabes Unidos,,,1980
Vinhos de mesa,Eslovênia,,,1980
Vinhos de mesa,Eslováquia,,,1980
Vinhos de mesa,Espanha,111381.0,109277.0,1980
Vinhos de mesa,Estados Unidos,32400.0,36720.0,1980
Vinhos de mesa,França,248038.0,508338.0,1980
Vinhos de mesa,Geórgia,,,1980
Vinhos de mesa,"Geórgia do Sul e Sandwich do Sul, Ilhas",,,1980
Vinhos de mesa,Grécia,,,1980
Vinhos de mesa,Hong Kong,,,1980
Vinhos de mesa,Hungria,,,1980
Vinhos de mesa,Indonésia,,,1980
Vinhos de mesa,Irlanda,,,1980
Vinhos de mesa,Israel,,,1980
Vinhos de mesa,Itália,217226.0,283635.0,1980
Vinhos de mesa,Japão,,,1980
Vinhos de mesa,Iugoslávia,,,1980
Vinhos de mesa,Líbano,,,1980
Vinhos de mesa,Luxemburgo,,,1980
Vinhos de mesa,Macedônia,,,1980
Vinhos de mesa,Marrocos,,,1980
Vinhos de mesa,México,,,1980
Vinhos de mesa,Moldávia,,,1980
Vinhos de mesa,Montenegro,,,1980
Vinhos de mesa,Noruega,,,1980
Vinhos de mesa,Nova Zelândia,,,1980
Vinhos de mesa,Países Baixos (Holanda),,,1980
Vinhos de mesa,Panamá,,,1980
Vinhos de mesa,Paraguai,,,1980
Vinhos de mesa,Peru,,,1980
Vinhos de mesa,Porto Rico,,,1980
Vinhos de mesa,Portugal,1601931.0,2146952.0,1980
Vinhos de mesa,Reino Unido,,,1980
Vinhos de mesa,Republica Dominicana,,,1980
Vinhos de mesa,Romênia,,,1980
Vinhos de mesa,Rússia,,,1980
Vinhos de mesa,San Marino,,,1980
Vinhos de mesa,Sérvia,,,1980
Vinhos de mesa,Síria,,,1980
Vinhos de mesa,Suazilândia,,,1980
Vinhos de mesa,Suíça,,,1980
Vinhos de mesa,"Tcheca, República",,,1980
Vinhos de mesa,Tunísia,,,1980
Vinhos de mesa,Turquia,,,1980
Vinhos de mesa,Ucrânia,,,1980
Vinhos de mesa,Uruguai,8880.0,16800.0,1980
Vinhos de mesa,Não consta na tabela,,,1980
Vinhos de mesa,Não declarados,,,1980
Vinhos de mesa,Outros,10446.0,10543.0,1980
Vinhos de mesa,Total,5556777.0,7501279.0,1980
Espumantes,Africa do Sul,,,1980
Espumantes,Alemanha,332.0,1175.0,1980
Espumantes,Argentina,,,1980
Espumantes,Austrália,,,1980
Espumantes,Áustria,,,1980
Espumantes,Bermudas,,,1980
Espumantes,Bahamas,,,1980
Espumantes,Bélgica,,,1980
Espumantes,Brasil,,,1980
Espumantes,Bulgária,,,1980
Espumantes,Canada,,,1980
Espumantes,Chile,861.0,1734.0,1980
Espumantes,Croácia,,,1980
Espumantes,Cuba,,,1980
Espumantes,Emirados Árabes Unidos,,,1980
Espumantes,Eslovênia,,,1980
Espumantes,Espanha,45842.0,49789.0,1980
Espumantes,Estados Unidos,,,1980
Espumantes,França,13235.0,82136.0,1980
Espumantes,Geórgia,,,1980
Espumantes,Granada,,,1980
Espumantes,Grécia,,,1980
Espumantes,Hong Kong,,,1980
Espumantes,Hungria,,,1980
Espumantes,Indonésia,,,1980
Espumantes,Irlanda,,,1980
Espumantes,Israel,585.0,1435.0,1980
Espumantes,Itália,20932.0,33860.0,1980
Espumantes,Japão,,,1980
Espumantes,Luxemburgo,,,1980
Espumantes,México,,,1980
Espumantes,Moldávia,,,1980
Espumantes,Nova Zelândia,,,1980
Espumantes,Países Baixos,,,1980
Espumantes,Panamá,,,1980
Espumantes,Peru,,,1980
Espumantes,Portugal,4242.0,8979.0,1980
Espumantes,Reino Unido,,,1980
Espumantes,Romênia,,,1980
Espumantes,Suíça,,,1980
Espumantes,Tunísia,,,1980
Espumantes,Ucrânia,,,1980
Espumantes,Uruguai,,,1980
Espumantes,Não consta na tabela,,,1980
Espumantes,Não declarados,,,1980
Espumantes,Outros,,,1980
Espumantes,Total,86029.0,179108.0,1980
Uvas frescas,Argélia,,,1980
Uvas frescas,Argentina,276000.0,253558.0,1980
Uvas frescas,Brasil,,,1980
Uvas frescas,Chile,1334991.0,1237355.0,1980
Uvas frescas,Colômbia,65176.0,83747.0,1980
Uvas frescas,Egito,,,1980
Uvas frescas,Espanha,,,1980
Uvas frescas,Estados Unidos,167893.0,165275.0,1980
Uvas frescas,Grécia,,,1980
Uvas frescas,Itália,,,1980
Uvas frescas,México,,,1980
Uvas frescas,Peru,3500.0,2625.0,1980
Uvas frescas,Paraguai,,,1980
Uvas frescas,Portugal,,,1980
Uvas frescas,Panamá,,,1980
Uvas frescas,Reino Unido,,,1980
Uvas frescas,Uruguai,,,1980
Uvas frescas,Venezuela,,,1980
Uvas frescas,Não consta na tabela,,,1980
Uvas frescas,Outros,,,1980
Uvas frescas,Total,1847560.0,1742560.0,1980
Uvas frescas,Argélia,,,1981
Uvas frescas,Argentina,241000.0,270013.0,1981
Uvas frescas,Brasil,,,1981
Uvas frescas,Chile,1423377.0,1374551.0,1981
Uvas frescas,Colômbia,45880.0,59605.0,1981
Uvas frescas,Egito,,,1981
Uvas frescas,Espanha,,,1981
Uvas frescas,Estados Unidos,19523.0,18945.0,1981
Uvas frescas,Grécia,90000.0,32000.0,1981
Uvas frescas,Itália,,,1981
Uvas frescas,México,,,1981
Uvas frescas,Peru,,,1981
Uvas frescas,Paraguai,,,1981
Uvas frescas,Portugal,,,1981
Uvas frescas,Panamá,,,1981
Uvas frescas,Reino Unido,,,1981
Uvas frescas,Uruguai,,,1981
Uvas frescas,Venezuela,,,1981
Uvas frescas,Não consta na tabela,,,1981
Uvas frescas,Outros,,,1981
Uvas frescas,Total,1819780.0,1755114.0,1981
Uvas passas,Afeganistão,,,1981
Uvas passas,África do Sul,,,1981
Uvas passas,"Alemanha, República Democrática",,,1981
Uvas passas,Arábia Saudita,,,1981
Uvas passas,Argentina,1558200.0,1937074.0,1981
Uvas passas,Austrália,,,1981
Uvas passas,Bélgica,,,1981
Uvas passas,Chile,327662.0,647273.0,1981
Uvas passas,China,,,1981
Uvas passas,China Continental,,,1981
Uvas passas,Cingapura,,,1981
Uvas passas,Costa Rica,,,1981
Uvas passas,Emirados,,,1981
Uvas passas,Egito,,,1981
Uvas passas,Espanha,,,1981
Uvas passas,Estados Unidos,126804.0,326790.0,1981
Uvas passas,França,,,1981
Uvas passas,Grécia,,,1981
Uvas passas,Guiana Britânica,,,1981
Uvas passas,Índia,,,1981
Uvas passas,Irã,,,1981
Uvas passas,Itália,,,1981
Uvas passas,Japão,,,1981
Uvas passas,México,1228260.0,2382306.0,1981
Uvas passas,Países Baixos,,,1981
Uvas passas,Paraguai,,,1981
Uvas passas,Peru,,,1981
Uvas passas,Portugal,,,1981
Uvas passas,Reino Unido,,,1981
Uvas passas,Suécia,,,1981
Uvas passas,Turquia,,,1981
Uvas passas,Uruguai,,,1981
Uvas passas,Uzbequistão,,,1981
Uvas passas,Venezuela,,,1981
Uvas passas,Não consta na tabela,,,1981
Uvas passas,Outros,,,1981
Uvas passas,Total,3240926.0,5293443.0,1981
Suco de uva,Africa do Sul,,,1981
Suco de uva,Alemanha,,,1981
Suco de uva,Argentina,,,1981
Suco de uva,Austria,,,1981
Suco de uva,Canadá,,,1981
Suco de uva,"Coreia do Sul, República",,,1981
Suco de uva,"Coreia do Norte, República",,,1981
Suco de uva,Chile,,,1981
Suco de uva,China,,,1981
Suco de uva,Dinamarca,,,1981
Suco de uva,Espanha,,,1981
Suco de uva,Estados Unidos,,,1981
Suco de uva,França,,,1981
Suco de uva,Guiana,,,1981
Suco de uva,Israel,,,1981
Suco de uva,itália,,,1981
Suco de uva,Japão,,,1981
Suco de uva,Líbano,,,1981
Suco de uva,México,,,1981
Suco de uva,Países Baixos,,,1981
Suco de uva,Panamá,,,1981
Suco de uva,Peru,,,1981
Suco de uva,Portugal,,,1981
Suco de uva,Reino Unido,,,1981
Suco de uva,Taiwan,,,1981
Suco de uva,Turquia,,,1981
Suco de uva,Uruguai,,,1981
Suco de uva,Venezuela,,,1981
Suco de uva,Outros,,,1981
Suco de uva,Total,0.0,0.0,1981
Espumantes,Africa do Sul,,,1982
Espumantes,Alemanha,117270.0,101714.0,1982
Espumantes,Argentina,,,1982
Espumantes,Austrália,,,1982
Espumantes,Áustria,,,1982
Espumantes,Bermudas,,,1982
Espumantes,Bahamas,,,1982
Espumantes,Bélgica,,,1982
Espumantes,Brasil,,,1982
Espumantes,Bulgária,,,1982
Espumantes,Canada,,,1982
Espumantes,Chile,14865.0,21614.0,1982
Espumantes,Croácia,,,1982
Espumantes,Cuba,,,1982
Espumantes,Emirados Árabes Unidos,,,1982
Espumantes,Eslovênia,,,1982
Espumantes,Espanha,46249.0,47183.0,1982
Espumantes,Estados Unidos,,,1982
Espumantes,França,13128.0,32209.0,1982
Espumantes,Geórgia,,,1982
Espumantes,Granada,,,1982
Espumantes,Grécia,,,1982
Espumantes,Hong Kong,,,1982
Espumantes,Hungria,,,1982
Espumantes,Indonésia,,,1982
Espumantes,Irlanda,,,1982
Espumantes,Israel,360.0,1001.0,1982
Espumantes,Itália,32542.0,35237.0,1982
Espumantes,Japão,,,1982
Espumantes,Luxemburgo,,,1982
Espumantes,México,,,1982
Espumantes,Moldávia,,,1982
Espumantes,Nova Zelândia,,,1982
Espumantes,Países Baixos,,,1982
Espumantes,Panamá,,,1982
Espumantes,Peru,,,1982
Espumantes,Portugal,242143.0,311212.0,1982
Espumantes,Reino Unido,,,1982
Espumantes,Romênia,,,1982
Espumantes,Suíça,,,1982
Espumantes,Tunísia,,,1982
Espumantes,Ucrânia,,,1982
Espumantes,Uruguai,,,1982
Espumantes,Não consta na tabela,,,1982
Espumantes,Não declarados,,,1982
Espumantes,Outros,1350.0,10200.0,1982
Espumantes,Total,467907.0,560370.0,1982
Uvas frescas,Argélia,,,1983
Uvas frescas,Argentina,1394060.0,864456.0,1983
Uvas frescas,Brasil,,,1983
Uvas frescas,Chile,1217488.0,922064.0,1983
Uvas frescas,Colômbia,53450.0,59690.0,1983
Uvas frescas,Egito,,,1983
Uvas frescas,Espanha,,,1983
Uvas frescas,Estados Unidos,9240.0,14910.0,1983
Uvas frescas,Grécia,,,1983
Uvas frescas,Itália,,,1983
Uvas frescas,México,,,1983
Uvas frescas,Peru,,,1983
Uvas frescas,Paraguai,,,1983
Uvas frescas,Portugal,,,1983
Uvas frescas,Panamá,,,1983
Uvas frescas,Reino Unido,,,1983
Uvas frescas,Uruguai,,,1983
Uvas frescas,Venezuela,,,1983
Uvas frescas,Não consta na tabela,,,1983
Uvas frescas,Outros,,,1983
Uvas frescas,Total,2674238.0,1861120.0,1983
Uvas passas,Afeganistão,,,1983
Uvas passas,África do Sul,,,1983
Uvas passas,"Alemanha, República Democrática",,,1983
Uvas passas,Arábia Saudita,,,1983
Uvas passas,Argentina,2238826.0,1476166.0,1983
Uvas passas,Austrália,,,1983
Uvas passas,Bélgica,,,1983
Uvas passas,Chile,1258680.0,1527431.0,1983
Uvas passas,China,,,1983
Uvas passas,China Continental,,,1983
Uvas passas,Cingapura,,,1983
Uvas passas,Costa Rica,,,1983
Uvas passas,Emirados,,,1983
Uvas passas,Egito,,,1983
Uvas passas,Espanha,,,1983
Uvas passas,Estados Unidos,329134.0,395315.0,1983
Uvas passas,França,,,1983
Uvas passas,Grécia,,,1983
Uvas passas,Guiana Britânica,,,1983
Uvas passas,Índia,,,1983
Uvas passas,Irã,,,1983
Uvas passas,Itália,,,1983
Uvas passas,Japão,,,1983
Uvas passas,México,1485417.0,1944974.0,1983
Uvas passas,Países Baixos,,,1983
Uvas passas,Paraguai,,,1983
Uvas passas,Peru,,,1983
Uvas passas,Portugal,,,1983
Uvas passas,Reino Unido,,,1983
Uvas passas,Suécia,,,1983
Uvas passas,Turquia,,,1983
Uvas passas,Uruguai,,,1983
Uvas passas,Uzbequistão,,,1983
Uvas passas,Venezuela,,,1983
Uvas passas,Não consta na tabela,,,1983
Uvas passas,Outros,,,1983
Uvas passas,Total,5312057.0,5343886.0,1983
Suco de uva,Africa do Sul,,,1983
Suco de uva,Alemanha,,,1983
Suco de uva,Argentina,,,1983
Suco de uva,Austria,,,1983
Suco de uva,Canadá,,,1983
Suco de uva,"Coreia do Sul, República",,,1983
Suco de uva,"Coreia do Norte, República",,,1983
Suco de uva,Chile,,,1983
Suco de uva,China,,,1983
Suco de uva,Dinamarca,,,1983
Suco de uva,Espanha,,,1983
Suco de uva,Estados Unidos,,,1983
Suco de uva,França,,,1983
Suco de uva,Guiana,,,1983
Suco de uva,Israel,,,1983
Suco de uva,itália,,,1983
Suco de uva,Japão,,,1983
Suco de uva,Líbano,,,1983
Suco de uva,México,,,1983
Suco de uva,Países Baixos,,,1983
Suco de uva,Panamá,,,1983
Suco de uva,Peru,,,1983
Suco de uva,Portugal,,,1983
Suco de uva,Reino Unido,,,1983
Suco de uva,Taiwan,,,1983
Suco de uva,Turquia,,,1983
Suco de uva,Uruguai,,,1983
Suco de uva,Venezuela,,,1983
Suco de uva,Outros,,,1983
Suco de uva,Total,0.0,0.0,1983
Vinhos de mesa,Africa do Sul,,,1984
Vinhos de mesa,Alemanha,586645.0,564129.0,1984
Vinhos de mesa,Argélia,,,1984
Vinhos de mesa,Arábia Saudita,,,1984
Vinhos de mesa,Argentina,42438.0,64603.0,1984
Vinhos de mesa,Armênia,,,1984
Vinhos de mesa,Austrália,,,1984
Vinhos de mesa,Áustria,,,1984
Vinhos de mesa,Bermudas,,,1984
Vinhos de mesa,Bélgica,,,1984
Vinhos de mesa,Bolívia,,,1984
Vinhos de mesa,Bósnia-Herzegovina,,,1984
Vinhos de mesa,Brasil,,,1984
Vinhos de mesa,Bulgária,,,1984
Vinhos de mesa,Canada,,,1984
Vinhos de mesa,Chile,490217.0,527176.0,1984
Vinhos de mesa,China,,,1984
Vinhos de mesa,"Coreia do Sul, República",,,1984
Vinhos de mesa,Croácia,,,1984
Vinhos de mesa,Cuba,,,1984
Vinhos de mesa,Emirados Árabes Unidos,,,1984
Vinhos de mesa,Eslovênia,,,1984
Vinhos de mesa,Eslováquia,,,1984
Vinhos de mesa,Espanha,7200.0,8421.0,1984
Vinhos de mesa,Estados Unidos,,,1984
Vinhos de mesa,França,117087.0,138156.0,1984
Vinhos de mesa,Geórgia,,,1984
Vinhos de mesa,"Geórgia do Sul e Sandwich do Sul, Ilhas",,,1984
Vinhos de mesa,Grécia,,,1984
Vinhos de mesa,Hong Kong,,,1984
Vinhos de mesa,Hungria,,,1984
Vinhos de mesa,Indonésia,,,1984
Vinhos de mesa,Irlanda,,,1984
Vinhos de mesa,Israel,,,1984
Vinhos de mesa,Itália,132321.0,141201.0,1984
Vinhos de mesa,Japão,,,1984
Vinhos de mesa,Iugoslávia,,,1984
Vinhos de mesa,Líbano,,,1984
Vinhos de mesa,Luxemburgo,,,1984
Vinhos de mesa,Macedônia,,,1984
Vinhos de mesa,Marrocos,,,1984
Vinhos de mesa,México,,,1984
Vinhos de mesa,Moldávia,,,1984
Vinhos de mesa,Montenegro,,,1984
Vinhos de mesa,Noruega,,,1984
Vinhos de mesa,Nova Zelândia,,,1984
Vinhos de mesa,Países Baixos (Holanda),,,1984
Vinhos de mesa,Panamá,,,1984
Vinhos de mesa,Paraguai,,,1984
Vinhos de mesa,Peru,,,1984
Vinhos de mesa,Porto Rico,,,1984
Vinhos de mesa,Portugal,536706.0,531515.0,1984
Vinhos de mesa,Reino Unido,,,1984
Vinhos de mesa,Republica Dominicana,,,1984
Vinhos de mesa,Romênia,,,1984
Vinhos de mesa,Rússia,,,1984
Vinhos de mesa,San Marino,,,1984
Vinhos de mesa,Sérvia,,,1984
Vinhos de mesa,Síria,,,1984
Vinhos de mesa,Suazilândia,,,1984
Vinhos de mesa,Suíça,,,1984
Vinhos de mesa,"Tcheca, República",,,1984
Vinhos de mesa,Tunísia,,,1984
Vinhos de mesa,Turquia,,,1984
Vinhos de mesa,Ucrânia,,,1984
Vinhos de mesa,Uruguai,,,1984
Vinhos de mesa,Não consta na tabela,,,1984
Vinhos de mesa,Não declarados,,,1984
Vinhos de mesa,Outros,26490.0,34499.0,1984
Vinhos de mesa,Total,1939104.0,2009700.0,1984
Uvas frescas,Argélia,,,1987
Uvas frescas,Argentina,773500.0,587095.0,1987
Uvas frescas,Brasil,,,1987
Uvas frescas,Chile,1812678.0,1467787.0,1987
Uvas frescas,Colômbia,,,1987
Uvas frescas,Egito,,,1987
Uvas frescas,Espanha,,,1987
Uvas frescas,Estados Unidos,19400.0,29840.0,1987
Uvas frescas,Grécia,,,1987
Uvas frescas,Itália,,,1987
Uvas frescas,México,,,1987
Uvas frescas,Peru,,,1987
Uvas frescas,Paraguai,,,1987
Uvas frescas,Portugal,,,1987
Uvas frescas,Panamá,,,1987
Uvas frescas,Reino Unido,,,1987
Uvas frescas,Uruguai,,,1987
Uvas frescas,Venezuela,,,1987
Uvas frescas,Não consta na tabela,,,1987
Uvas frescas,Outros,,,1987
Uvas frescas,Total,2605578.0,2084722.0,1987
Uvas frescas,Argélia,,,1989
Uvas frescas,Argentina,5466862.0,4014451.0,1989
Uvas frescas,Brasil,,,1989
Uvas frescas,Chile,6876507.0,5594118.0,1989
Uvas frescas,Colômbia,,,1989
Uvas frescas,Egito,,,1989
Uvas frescas,Espanha,,,1989
Uvas frescas,Estados Unidos,43781.0,74756.0,1989
Uvas frescas,Grécia,,,1989
Uvas frescas,Itália,,,1989
Uvas frescas,México,,,1989
Uvas frescas,Peru,,,1989
Uvas frescas,Paraguai,,,1989
Uvas frescas,Portugal,,,1989
Uvas frescas,Panamá,,,1989
Uvas frescas,Reino Unido,,,1989
Uvas frescas,Uruguai,1050000.0,920000.0,1989
Uvas frescas,Venezuela,,,1989
Uvas frescas,Não consta na tabela,,,1989
Uvas frescas,Outros,,,1989
Uvas frescas,Total,13437150.0,10603325.0,1989
Suco de uva,Africa do Sul,,,1990
Suco de uva,Alemanha,,,1990
Suco de uva,Argentina,1875689.0,1367706.0,1990
Suco de uva,Austria,,,1990
Suco de uva,Canadá,,,1990
Suco de uva,"Coreia do Sul, República",,,1990
Suco de uva,"Coreia do Norte, República",,,1990
Suco de uva,Chile,100000.0,79000.0,1990
Suco de uva,China,,,1990
Suco de uva,Dinamarca,,,1990
Suco de uva,Espanha,,,1990
Suco de uva,Estados Unidos,,,1990
Suco de uva,França,,,1990
Suco de uva,Guiana,,,1990
Suco de uva,Israel,,,1990
Suco de uva,itália,,,1990
Suco de uva,Japão,,,1990
Suco de uva,Líbano,455.0,819.0,1990
Suco de uva,México,,,1990
Suco de uva,Países Baixos,,,1990
Suco de uva,Panamá,,,1990
Suco de uva,Peru,,,1990
Suco de uva,Portugal,,,1990
Suco de uva,Reino Unido,,,1990
Suco de uva,Taiwan,,,1990
Suco de uva,Turquia,,,1990
Suco de uva,Uruguai,,,1990
Suco de uva,Venezuela,,,1990
Suco de uva,Outros,,,1990
Suco de uva,Total,1976144.0,1447525.0,1990
Uvas passas,Afeganistão,,,1997
Uvas passas,África do Sul,15253.0,29681.0,1997
Uvas passas,"Alemanha, República Democrática",95005.0,107123.0,1997
Uvas passas,Arábia Saudita,,,1997
Uvas passas,Argentina,5673231.0,8436301.0,1997
Uvas passas,Austrália,,,1997
Uvas passas,Bélgica,,,1997
Uvas passas,Chile,3882680.0,6518525.0,1997
Uvas passas,China,,,1997
Uvas passas,China Continental,,,1997
Uvas passas,Cingapura,,,1997
Uvas passas,Costa Rica,,,1997
Uvas passas,Emirados,89820.0,103183.0,1997
Uvas passas,Egito,,,1997
Uvas passas,Espanha,6000.0,23763.0,1997
Uvas passas,Estados Unidos,1397848.0,2457078.0,1997
Uvas passas,França,,,1997
Uvas passas,Grécia,459500.0,499383.0,1997
Uvas passas,Guiana Britânica,,,1997
Uvas passas,Índia,,,1997
Uvas passas,Irã,226480.0,224265.0,1997
Uvas passas,Itália,40320.0,43142.0,1997
Uvas passas,Japão,,,1997
Uvas passas,México,183000.0,308985.0,1997
Uvas passas,Países Baixos,,,1997
Uvas passas,Paraguai,,,1997
Uvas passas,Peru,,,1997
Uvas passas,Portugal,,,1997
Uvas passas,Reino Unido,,,1997
Uvas passas,Suécia,,,1997
Uvas passas,Turquia,4342570.0,4854419.0,1997
Uvas passas,Uruguai,,,1997
Uvas passas,Uzbequistão,,,1997
Uvas passas,Venezuela,750.0,283.0,1997
Uvas passas,Não consta na tabela,,,1997
Uvas passas,Outros,5475.0,10518.0,1997
Uvas passas,Total,16417932.0,23616649.0,1997
Suco de uva,Africa do Sul,,,1997
Suco de uva,Alemanha,2880.0,1901.0,1997
Suco de uva,Argentina,2796195.0,2428563.0,1997
Suco de uva,Austria,,,1997
Suco de uva,Canadá,995.0,691.0,1997
Suco de uva,"Coreia do Sul, República",,,1997
Suco de uva,"Coreia do Norte, República",,,1997
Suco de uva,Chile,118194.0,133715.0,1997
Suco de uva,China,,,1997
Suco de uva,Dinamarca,,,1997
Suco de uva,Espanha,2208.0,1945.0,1997
Suco de uva,Estados Unidos,15896.0,8557.0,1997
Suco de uva,França,,,1997
Suco de uva,Guiana,,,1997
Suco de uva,Israel,3700.0,1488.0,1997
Suco de uva,itália,,,1997
Suco de uva,Japão,270.0,60.0,1997
Suco de uva,Líbano,,,1997
Suco de uva,México,504734.0,271595.0,1997
Suco de uva,Países Baixos,,,1997
Suco de uva,Panamá,,,1997
Suco de uva,Peru,,,1997
Suco de uva,Portugal,,,1997
Suco de uva,Reino Unido,,,1997
Suco de uva,Taiwan,,,1997
Suco de uva,Turquia,,,1997
Suco de uva,Uruguai,2500.0,1440.0,1997
Suco de uva,Venezuela,,,1997
Suco de uva,Outros,380790.0,384466.0,1997
Suco de uva,Total,3828362.0,3234421.0,1997
Vinhos de mesa,Africa do Sul,,,1998
Vinhos de mesa,Alemanha,3014081.0,4834030.0,1998
Vinhos de mesa,Argélia,,,1998
Vinhos de mesa,Arábia Saudita,,,1998
Vinhos de mesa,Argentina,1295190.0,3073775.0,1998
Vinhos de mesa,Armênia,,,1998
Vinhos de mesa,Austrália,,,1998
Vinhos de mesa,Áustria,8926.0,59378.0,1998
Vinhos de mesa,Bermudas,,,1998
Vinhos de mesa,Bélgica,9363.0,40899.0,1998
Vinhos de mesa,Bolívia,,,1998
Vinhos de mesa,Bósnia-Herzegovina,,,1998
Vinhos de mesa,Brasil,,,1998
Vinhos de mesa,Bulgária,,,1998
Vinhos de mesa,Canada,,,1998
Vinhos de mesa,Chile,3203054.0,6005098.0,1998
Vinhos de mesa,China,,,1998
Vinhos de mesa,"Coreia do Sul, República",,,1998
Vinhos de mesa,Croácia,,,1998
Vinhos de mesa,Cuba,,,1998
Vinhos de mesa,Emirados Árabes Unidos,,,1998
Vinhos de mesa,Eslovênia,,,1998
Vinhos de mesa,Eslováquia,,,1998
Vinhos de mesa,Espanha,370580.0,1328280.0,1998
Vinhos de mesa,Estados Unidos,381199.0,885162.0,1998
Vinhos de mesa,França,3853865.0,12027414.0,1998
Vinhos de mesa,Geórgia,,,1998
Vinhos de mesa,"Geórgia do Sul e Sandwich do Sul, Ilhas",,,1998
Vinhos de mesa,Grécia,,,1998
Vinhos de mesa,Hong Kong,,,1998
Vinhos de mesa,Hungria,,,1998
Vinhos de mesa,Indonésia,,,1998
Vinhos de mesa,Irlanda,,,1998
Vinhos de mesa,Israel,,,1998
Vinhos de mesa,Itália,5481659.0,12837955.0,1998
Vinhos de mesa,Japão,,,1998
Vinhos de mesa,Iugoslávia,,,1998
Vinhos de mesa,Líbano,,,1998
Vinhos de mesa,Luxemburgo,,,1998
Vinhos de mesa,Macedônia,,,1998
Vinhos de mesa,Marrocos,,,1998
Vinhos de mesa,México,,,1998
Vinhos de mesa,Moldávia,,,1998
Vinhos de mesa,Montenegro,,,1998
Vinhos de mesa,Noruega,,,1998
Vinhos de mesa,Nova Zelândia,,,1998
Vinhos de mesa,Países Baixos (Holanda),,,1998
Vinhos de mesa,Panamá,,,1998
Vinhos de mesa,Paraguai,,,1998
Vinhos de mesa,Peru,,,1998
Vinhos de mesa,Porto Rico,,,1998
Vinhos de mesa,Portugal,4656474.0,12314487.0,1998
Vinhos de mesa,Reino Unido,,,1998
Vinhos de mesa,Republica Dominicana,,,1998
Vinhos de mesa,Romênia,,,1998
Vinhos de mesa,Rússia,,,1998
Vinhos de mesa,San Marino,,,1998
Vinhos de mesa,Sérvia,,,1998
Vinhos de mesa,Síria,,,1998
Vinhos de mesa,Suazilândia,,,1998
Vinhos de mesa,Suíça,,,1998
Vinhos de mesa,"Tcheca, República",,,1998
Vinhos de mesa,Tunísia,,,1998
Vinhos de mesa,Turquia,,,1998
Vinhos de mesa,Ucrânia,,,1998
Vinhos de mesa,Uruguai,277989.0,525654.0,1998
Vinhos de mesa,Não consta na tabela,,,1998
Vinhos de mesa,Não declarados,,,1998
Vinhos de mesa,Outros,187919.0,480461.0,1998
Vinhos de mesa,Total,22740299.0,54412593.0,1998
Espumantes,Africa do Sul,,,1998
Espumantes,Alemanha,9403.0,45794.0,1998
Espumantes,Argentina,85497.0,308165.0,1998
Espumantes,Austrália,,,1998
Espumantes,Áustria,,,1998
Espumantes,Bermudas,,,1998
Espumantes,Bahamas,,,1998
Espumantes,Bélgica,,,1998
Espumantes,Brasil,,,1998
Espumantes,Bulgária,,,1998
Espumantes,Canada,,,1998
Espumantes,Chile,7877.0,20030.0,1998
Espumantes,Croácia,,,1998
Espumantes,Cuba,,,1998
Espumantes,Emirados Árabes Unidos,,,1998
Espumantes,Eslovênia,,,1998
Espumantes,Espanha,253355.0,1009470.0,1998
Espumantes,Estados Unidos,,,1998
Espumantes,França,779564.0,9136225.0,1998
Espumantes,Geórgia,,,1998
Espumantes,Granada,,,1998
Espumantes,Grécia,,,1998
Espumantes,Hong Kong,,,1998
Espumantes,Hungria,,,1998
Espumantes,Indonésia,,,1998
Espumantes,Irlanda,,,1998
Espumantes,Israel,,,1998
Espumantes,Itália,234227.0,853007.0,1998
Espumantes,Japão,,,1998
Espumantes,Luxemburgo,,,1998
Espumantes,México,,,1998
Espumantes,Moldávia,,,1998
Espumantes,Nova Zelândia,,,1998
Espumantes,Países Baixos,,,1998
Espumantes,Panamá,,,1998
Espumantes,Peru,,,1998
Espumantes,Portugal,4386.0,16971.0,1998
Espumantes,Reino Unido,,,1998
Espumantes,Romênia,,,1998
Espumantes,Suíça,,,1998
Espumantes,Tunísia,,,1998
Espumantes,Ucrânia,,,1998
Espumantes,Uruguai,2430.0,9720.0,1998
Espumantes,Não consta na tabela,,,1998
Espumantes,Não declarados,,,1998
Espumantes,Outros,2720.0,16836.0,1998
Espumantes,Total,1379459.0,11416218.0,1998
Vinhos de mesa,Africa do Sul,,,1999
Vinhos de mesa,Alemanha,2576557.0,4539354.0,1999
Vinhos de mesa,Argélia,,,1999
Vinhos de mesa,Arábia Saudita,,,1999
Vinhos de mesa,Argentina,2475780.0,5284871.0,1999
Vinhos de mesa,Armênia,,,1999
Vinhos de mesa,Austrália,,,1999
Vinhos de mesa,Áustria,83930.0,661104.0,1999
Vinhos de mesa,Bermudas,,,1999
Vinhos de mesa,Bélgica,5550.0,23433.0,1999
Vinhos de mesa,Bolívia,,,1999
Vinhos de mesa,Bósnia-Herzegovina,,,1999
Vinhos de mesa,Brasil,,,1999
Vinhos de mesa,Bulgária,,,1999
Vinhos de mesa,Canada,,,1999
Vinhos de mesa,Chile,4312887.0,8756515.0,1999
Vinhos de mesa,China,,,1999
Vinhos de mesa,"Coreia do Sul, República",,,1999
Vinhos de mesa,Croácia,,,1999
Vinhos de mesa,Cuba,,,1999
Vinhos de mesa,Emirados Árabes Unidos,,,1999
Vinhos de mesa,Eslovênia,,,1999
Vinhos de mesa,Eslováquia,,,1999
Vinhos de mesa,Espanha,396453.0,1906389.0,1999
Vinhos de mesa,Estados Unidos,674683.0,992353.0,1999
Vinhos de mesa,França,3529422.0,10122865.0,1999
Vinhos de mesa,Geórgia,,,1999
Vinhos de mesa,"Geórgia do Sul e Sandwich do Sul, Ilhas",,,1999
Vinhos de mesa,Grécia,,,1999
Vinhos de mesa,Hong Kong,,,1999
Vinhos de mesa,Hungria,,,1999
Vinhos de mesa,Indonésia,,,1999
Vinhos de mesa,Irlanda,,,1999
Vinhos de mesa,Israel,,,1999
Vinhos de mesa,Itália,6187860.0,14604418.0,1999
Vinhos de mesa,Japão,,,1999
Vinhos de mesa,Iugoslávia,,,1999
Vinhos de mesa,Líbano,,,1999
Vinhos de mesa,Luxemburgo,,,1999
Vinhos de mesa,Macedônia,,,1999
Vinhos de mesa,Marrocos,,,1999
Vinhos de mesa,México,,,1999
Vinhos de mesa,Moldávia,,,1999
Vinhos de mesa,Montenegro,,,1999
Vinhos de mesa,Noruega,,,1999
Vinhos de mesa,Nova Zelândia,,,1999
Vinhos de mesa,Países Baixos (Holanda),,,1999
Vinhos de mesa,Panamá,,,1999
Vinhos de mesa,Paraguai,,,1999
Vinhos de mesa,Peru,,,1999
Vinhos de mesa,Porto Rico,,,1999
Vinhos de mesa,Portugal,4408133.0,12406498.0,1999
Vinhos de mesa,Reino Unido,,,1999
Vinhos de mesa,Republica Dominicana,,,1999
Vinhos de mesa,Romênia,,,1999
Vinhos de mesa,Rússia,,,1999
Vinhos de mesa,San Marino,,,1999
Vinhos de mesa,Sérvia,,,1999
Vinhos de mesa,Síria,,,1999
Vinhos de mesa,Suazilândia,,,1999
Vinhos de mesa,Suíça,,,1999
Vinhos de mesa,"Tcheca, República",,,1999
Vinhos de mesa,Tunísia,,,1999
Vinhos de mesa,Turquia,,,1999
Vinhos de mesa,Ucrânia,,,1999
Vinhos de mesa,Uruguai,1712036.0,2756398.0,1999
Vinhos de mesa,Não consta na tabela,,,1999
Vinhos de mesa,Não declarados,,,1999
Vinhos de mesa,Outros,49646.0,230829.0,1999
Vinhos de mesa,Total,26412937.0,62285027.0,1999
Uvas passas,Afeganistão,,,1999
Uvas passas,África do Sul,66912.0,123771.0,1999
Uvas passas,"Alemanha, República Democrática",,,1999
Uvas passas,Arábia Saudita,,,1999
Uvas passas,Argentina,3438508.0,4855950.0,1999
Uvas passas,Austrália,,,1999
Uvas passas,Bélgica,,,1999
Uvas passas,Chile,3853245.0,5815682.0,1999
Uvas passas,China,,,1999
Uvas passas,China Continental,,,1999
Uvas passas,Cingapura,,,1999
Uvas passas,Costa Rica,,,1999
Uvas passas,Emirados,,,1999
Uvas passas,Egito,,,1999
Uvas passas,Espanha,288.0,1080.0,1999
Uvas passas,Estados Unidos,514513.0,1094056.0,1999
Uvas passas,França,,,1999
Uvas passas,Grécia,91000.0,130910.0,1999
Uvas passas,Guiana Britânica,,,1999
Uvas passas,Índia,,,1999
Uvas passas,Irã,1128400.0,1329891.0,1999
Uvas passas,Itália,,,1999
Uvas passas,Japão,,,1999
Uvas passas,México,96000.0,137957.0,1999
Uvas passas,Países Baixos,,,1999
Uvas passas,Paraguai,,,1999
Uvas passas,Peru,,,1999
Uvas passas,Portugal,,,1999
Uvas passas,Reino Unido,,,1999
Uvas passas,Suécia,,,1999
Uvas passas,Turquia,6792500.0,6548193.0,1999
Uvas passas,Uruguai,,,1999
Uvas passas,Uzbequistão,,,1999
Uvas passas,Venezuela,,,1999
Uvas passas,Não consta na tabela,,,1999
Uvas passas,Outros,35150.0,46985.0,1999
Uvas passas,Total,16016516.0,20084475.0,1999
Vinhos de mesa,Africa do Sul,42661.0,99201.0,2001
Vinhos de mesa,Alemanha,909077.0,1169872.0,2001
Vinhos de mesa,Argélia,,,2001
Vinhos de mesa,Arábia Saudita,,,2001
Vinhos de mesa,Argentina,2585537.0,6196286.0,2001
Vinhos de mesa,Armênia,,,2001
Vinhos de mesa,Austrália,179310.0,636740.0,2001
Vinhos de mesa,Áustria,770.0,0.0,2001
Vinhos de mesa,Bermudas,,,2001
Vinhos de mesa,Bélgica,,,2001
Vinhos de mesa,Bolívia,,,2001
Vinhos de mesa,Bósnia-Herzegovina,,,2001
Vinhos de mesa,Brasil,,,2001
Vinhos de mesa,Bulgária,,,2001
Vinhos de mesa,Canada,,,2001
Vinhos de mesa,Chile,5160203.0,11122691.0,2001
Vinhos de mesa,China,,,2001
Vinhos de mesa,"Coreia do Sul, República",,,2001
Vinhos de mesa,Croácia,,,2001
Vinhos de mesa,Cuba,,,2001
Vinhos de mesa,Emirados Árabes Unidos,,,2001
Vinhos de mesa,Eslovênia,,,2001
Vinhos de mesa,Eslováquia,,,2001
Vinhos de mesa,Espanha,624644.0,2360928.0,2001
Vinhos de mesa,Estados Unidos,374590.0,1036201.0,2001
Vinhos de mesa,França,3118460.0,7968430.0,2001
Vinhos de mesa,Geórgia,,,2001
Vinhos de mesa,"Geórgia do Sul e Sandwich do Sul, Ilhas",,,2001
Vinhos de mesa,Grécia,,,2001
Vinhos de mesa,Hong Kong,,,2001
Vinhos de mesa,Hungria,,,2001
Vinhos de mesa,Indonésia,,,2001
Vinhos de mesa,Irlanda,,,2001
Vinhos de mesa,Israel,,,2001
Vinhos de mesa,Itália,8113437.0,15592191.0,2001
Vinhos de mesa,Japão,,,2001
Vinhos de mesa,Iugoslávia,,,2001
Vinhos de mesa,Líbano,,,2001
Vinhos de mesa,Luxemburgo,,,2001
Vinhos de mesa,Macedônia,,,2001
Vinhos de mesa,Marrocos,,,2001
Vinhos de mesa,México,,,2001
Vinhos de mesa,Moldávia,,,2001
Vinhos de mesa,Montenegro,,,2001
Vinhos de mesa,Noruega,,,2001
Vinhos de mesa,Nova Zelândia,,,2001
Vinhos de mesa,Países Baixos (Holanda),,,2001
Vinhos de mesa,Panamá,,,2001
Vinhos de mesa,Paraguai,,,2001
Vinhos de mesa,Peru,,,2001
Vinhos de mesa,Porto Rico,,,2001
Vinhos de mesa,Portugal,5225372.0,13988909.0,2001
Vinhos de mesa,Reino Unido,,,2001
Vinhos de mesa,Republica Dominicana,,,2001
Vinhos de mesa,Romênia,,,2001
Vinhos de mesa,Rússia,,,2001
Vinhos de mesa,San Marino,,,2001
Vinhos de mesa,Sérvia,,,2001
Vinhos de mesa,Síria,,,2001
Vinhos de mesa,Suazilândia,,,2001
Vinhos de mesa,Suíça,,,2001
Vinhos de mesa,"Tcheca, República",,,2001
Vinhos de mesa,Tunísia,,,2001
Vinhos de mesa,Turquia,,,2001
Vinhos de mesa,Ucrânia,,,2001
Vinhos de mesa,Uruguai,1668697.0,3122694.0,2001
Vinhos de mesa,Não consta na tabela,,,2001
Vinhos de mesa,Não declarados,,,2001
Vinhos de mesa,Outros,47256.0,201927.0,2001
Vinhos de mesa,Total,28050014.0,63496070.0,2001
Espumantes,Africa do Sul,,,2001
Espumantes,Alemanha,6516.0,17537.0,2001
Espumantes,Argentina,32464.0,90851.0,2001
Espumantes,Austrália,,,2001
Espumantes,Áustria,,,2001
Espumantes,Bermudas,,,2001
Espumantes,Bahamas,,,2001
Espumantes,Bélgica,,,2001
Espumantes,Brasil,,,2001
Espumantes,Bulgária,,,2001
Espumantes,Canada,,,2001
Espumantes,Chile,15695.0,44425.0,2001
Espumantes,Croácia,,,2001
Espumantes,Cuba,,,2001
Espumantes,Emirados Árabes Unidos,,,2001
Espumantes,Eslovênia,,,2001
Espumantes,Espanha,713315.0,6408671.0,2001
Espumantes,Estados Unidos,,,2001
Espumantes,França,182179.0,262999.0,2001
Espumantes,Geórgia,,,2001
Espumantes,Granada,,,2001
Espumantes,Grécia,,,2001
Espumantes,Hong Kong,,,2001
Espumantes,Hungria,,,2001
Espumantes,Indonésia,,,2001
Espumantes,Irlanda,,,2001
Espumantes,Israel,450.0,1510.0,2001
Espumantes,Itália,1009289.0,2476201.0,2001
Espumantes,Japão,,,2001
Espumantes,Luxemburgo,,,2001
Espumantes,México,,,2001
Espumantes,Moldávia,,,2001
Espumantes,Nova Zelândia,,,2001
Espumantes,Países Baixos,,,2001
Espumantes,Panamá,,,2001
Espumantes,Peru,,,2001
Espumantes,Portugal,20653.0,44980.0,2001
Espumantes,Reino Unido,,,2001
Espumantes,Romênia,,,2001
Espumantes,Suíça,,,2001
Espumantes,Tunísia,,,2001
Espumantes,Ucrânia,,,2001
Espumantes,Uruguai,9417.0,35558.0,2001
Espumantes,Não consta na tabela,,,2001
Espumantes,Não declarados,,,2001
Espumantes,Outros,450.0,1359.0,2001
Espumantes,Total,1990428.0,9384091.0,2001
Uvas frescas,Argélia,,,2001
Uvas frescas,Argentina,1228557.0,1004140.0,2001
Uvas frescas,Brasil,,,2001
Uvas frescas,Chile,6098723.0,4931007.0,2001
Uvas frescas,Colômbia,,,2001
Uvas frescas,Egito,,,2001
Uvas frescas,Espanha,81774.0,80414.0,2001
Uvas frescas,Estados Unidos,47841.0,64445.0,2001
Uvas frescas,Grécia,,,2001
Uvas frescas,Itália,,,2001
Uvas frescas,México,,,2001
Uvas frescas,Peru,,,2001
Uvas frescas,Paraguai,,,2001
Uvas frescas,Portugal,,,2001
Uvas frescas,Panamá,,,2001
Uvas frescas,Reino Unido,,,2001
Uvas frescas,Uruguai,,,2001
Uvas frescas,Venezuela,,,2001
Uvas frescas,Não consta na tabela,,,2001
Uvas frescas,Outros,,,2001
Uvas frescas,Total,7456895.0,6080006.0,2001
Uvas passas,Afeganistão,,,2001
Uvas passas,África do Sul,152070.0,190827.0,2001
Uvas passas,"Alemanha, República Democrática",,,2001
Uvas passas,Arábia Saudita,,,2001
Uvas passas,Argentina,2634368.0,2444780.0,2001
Uvas passas,Austrália,,,2001
Uvas passas,Bélgica,102625.0,55359.0,2001
Uvas passas,Chile,3223998.0,3319107.0,2001
Uvas passas,China,,,2001
Uvas passas,China Continental,,,2001
Uvas passas,Cingapura,,,2001
Uvas passas,Costa Rica,,,2001
Uvas passas,Emirados,36000.0,23190.0,2001
Uvas passas,Egito,,,2001
Uvas passas,Espanha,,,2001
Uvas passas,Estados Unidos,487549.0,773763.0,2001
Uvas passas,França,,,2001
Uvas passas,Grécia,,,2001
Uvas passas,Guiana Britânica,,,2001
Uvas passas,Índia,,,2001
Uvas passas,Irã,1353836.0,780010.0,2001
Uvas passas,Itália,,,2001
Uvas passas,Japão,,,2001
Uvas passas,México,,,2001
Uvas passas,Países Baixos,,,2001
Uvas passas,Paraguai,,,2001
Uvas passas,Peru,,,2001
Uvas passas,Portugal,,,2001
Uvas passas,Reino Unido,,,2001
Uvas passas,Suécia,,,2001
Uvas passas,Turquia,8413300.0,4646072.0,2001
Uvas passas,Uruguai,,,2001
Uvas passas,Uzbequistão,,,2001
Uvas passas,Venezuela,,,2001
Uvas passas,Não consta na tabela,,,2001
Uvas passas,Outros,3967.0,4363.0,2001
Uvas passas,Total,16407713.0,12237471.0,2001
Suco de uva,Africa do Sul,1200.0,665.0,2001
Suco de uva,Alemanha,,,2001
Suco de uva,Argentina,1379960.0,869223.0,2001
Suco de uva,Austria,,,2001
Suco de uva,Canadá,,,2001
Suco de uva,"Coreia do Sul, República",8255.0,2645.0,2001
Suco de uva,"Coreia do Norte, República",19071.0,8389.0,2001
Suco de uva,Chile,1391570.0,1502228.0,2001
Suco de uva,China,,,2001
Suco de uva,Dinamarca,,,2001
Suco de uva,Espanha,,,2001
Suco de uva,Estados Unidos,6089.0,11831.0,2001
Suco de uva,França,,,2001
Suco de uva,Guiana,,,2001
Suco de uva,Israel,1170.0,2192.0,2001
Suco de uva,itália,,,2001
Suco de uva,Japão,,,2001
Suco de uva,Líbano,,,2001
Suco de uva,México,,,2001
Suco de uva,Países Baixos,,,2001
Suco de uva,Panamá,,,2001
Suco de uva,Peru,,,2001
Suco de uva,Portugal,,,2001
Suco de uva,Reino Unido,,,2001
Suco de uva,Taiwan,,,2001
Suco de uva,Turquia,,,2001
Suco de uva,Uruguai,,,2001
Suco de uva,Venezuela,,,2001
Suco de uva,Outros,,,2001
Suco de uva,Total,2807315.0,2397173.0,2001
Uvas frescas,Argélia,,,2002
Uvas frescas,Argentina,4140804.0,2003875.0,2002
Uvas frescas,Brasil,,,2002
Uvas frescas,Chile,6816565.0,5088679.0,2002
Uvas frescas,Colômbia,,,2002
Uvas frescas,Egito,,,2002
Uvas frescas,Espanha,32664.0,35942.0,2002
Uvas frescas,Estados Unidos,13416.0,24833.0,2002
Uvas frescas,Grécia,,,2002
Uvas frescas,Itália,,,2002
Uvas frescas,México,,,2002
Uvas frescas,Peru,,,2002
Uvas frescas,Paraguai,,,2002
Uvas frescas,Portugal,,,2002
Uvas frescas,Panamá,,,2002
Uvas frescas,Reino Unido,,,2002
Uvas frescas,Uruguai,,,2002
Uvas frescas,Venezuela,,,2002
Uvas frescas,Não consta na tabela,,,2002
Uvas frescas,Outros,,,2002
Uvas frescas,Total,11003449.0,7153329.0,2002
Suco de uva,Africa do Sul,,,2002
Suco de uva,Alemanha,,,2002
Suco de uva,Argentina,,,2002
Suco de uva,Austria,,,2002
Suco de uva,Canadá,,,2002
Suco de uva,"Coreia do Sul, República",,,2002
Suco de uva,"Coreia do Norte, República",,,2002
Suco de uva,Chile,27000.0,28350.0,2002
Suco de uva,China,,,2002
Suco de uva,Dinamarca,,,2002
Suco de uva,Espanha,,,2002
Suco de uva,Estados Unidos,,,2002
Suco de uva,França,,,2002
Suco de uva,Guiana,,,2002
Suco de uva,Israel,,,2002
Suco de uva,itália,,,2002
Suco de uva,Japão,,,2002
Suco de uva,Líbano,,,2002
Suco de uva,México,,,2002
Suco de uva,Países Baixos,,,2002
Suco de uva,Panamá,,,2002
Suco de uva,Peru,,,2002
Suco de uva,Portugal,,,2002
Suco de uva,Reino Unido,,,2002
Suco de uva,Taiwan,,,2002
Suco de uva,Turquia,,,2002
Suco de uva,Uruguai,,,2002
Suco de uva,Venezuela,,,2002
Suco de uva,Outros,,,2002
Suco de uva,Total,27000.0,28350.0,2002
Vinhos de mesa,Africa do Sul,157239.0,305701.0,2003
Vinhos de mesa,Alemanha,573198.0,629664.0,2003
Vinhos de mesa,Argélia,,,2003
Vinhos de mesa,Arábia Saudita,,,2003
Vinhos de mesa,Argentina,5720024.0,9653634.0,2003
Vinhos de mesa,Armênia,,,2003
Vinhos de mesa,Austrália,126441.0,344316.0,2003
Vinhos de mesa,Áustria,,,2003
Vinhos de mesa,Bermudas,,,2003
Vinhos de mesa,Bélgica,,,2003
Vinhos de mesa,Bolívia,,,2003
Vinhos de mesa,Bósnia-Herzegovina,,,2003
Vinhos de mesa,Brasil,,,2003
Vinhos de mesa,Bulgária,,,2003
Vinhos de mesa,Canada,,,2003
Vinhos de mesa,Chile,7955549.0,16120955.0,2003
Vinhos de mesa,China,,,2003
Vinhos de mesa,"Coreia do Sul, República",,,2003
Vinhos de mesa,Croácia,,,2003
Vinhos de mesa,Cuba,,,2003
Vinhos de mesa,Emirados Árabes Unidos,,,2003
Vinhos de mesa,Eslovênia,,,2003
Vinhos de mesa,Eslováquia,,,2003
Vinhos de mesa,Espanha,410133.0,1721562.0,2003
Vinhos de mesa,Estados Unidos,173327.0,448844.0,2003
Vinhos de mesa,França,1958362.0,6093629.0,2003
Vinhos de mesa,Geórgia,,,2003
Vinhos de mesa,"Geórgia do Sul e Sandwich do Sul, Ilhas",,,2003
Vinhos de mesa,Grécia,,,2003
Vinhos de mesa,Hong Kong,,,2003
Vinhos de mesa,Hungria,13391.0,39649.0,2003
Vinhos de mesa,Indonésia,,,2003
Vinhos de mesa,Irlanda,,,2003
Vinhos de mesa,Israel,,,2003
Vinhos de mesa,Itália,5237027.0,10545425.0,2003
Vinhos de mesa,Japão,,,2003
Vinhos de mesa,Iugoslávia,,,2003
Vinhos de mesa,Líbano,1116.0,8013.0,2003
Vinhos de mesa,Luxemburgo,,,2003
Vinhos de mesa,Macedônia,,,2003
Vinhos de mesa,Marrocos,,,2003
Vinhos de mesa,México,,,2003
Vinhos de mesa,Moldávia,,,2003
Vinhos de mesa,Montenegro,,,2003
Vinhos de mesa,Noruega,,,2003
Vinhos de mesa,Nova Zelândia,21139.0,153081.0,2003
Vinhos de mesa,Países Baixos (Holanda),,,2003
Vinhos de mesa,Panamá,,,2003
Vinhos de mesa,Paraguai,,,2003
Vinhos de mesa,Peru,,,2003
Vinhos de mesa,Porto Rico,,,2003
Vinhos de mesa,Portugal,3344190.0,9649346.0,2003
Vinhos de mesa,Reino Unido,,,2003
Vinhos de mesa,Republica Dominicana,,,2003
Vinhos de mesa,Romênia,,,2003
Vinhos de mesa,Rússia,,,2003
Vinhos de mesa,San Marino,,,2003
Vinhos de mesa,Sérvia,,,2003
Vinhos de mesa,Síria,,,2003
Vinhos de mesa,Suazilândia,,,2003
Vinhos de mesa,Suíça,1900.0,3522.0,2003
Vinhos de mesa,"Tcheca, República",,,2003
Vinhos de mesa,Tunísia,,,2003
Vinhos de mesa,Turquia,,,2003
Vinhos de mesa,Ucrânia,,,2003
Vinhos de mesa,Uruguai,1096094.0,1630471.0,2003
Vinhos de mesa,Não consta na tabela,,,2003
Vinhos de mesa,Não declarados,,,2003
Vinhos de mesa,Outros,,,2003
Vinhos de mesa,Total,26789130.0,57347812.0,2003
Uvas frescas,Argélia,,,2004
Uvas frescas,Argentina,3344442.0,2027559.0,2004
Uvas frescas,Brasil,,,2004
Uvas frescas,Chile,2704764.0,1994691.0,2004
Uvas frescas,Colômbia,,,2004
Uvas frescas,Egito,,,2004
Uvas frescas,Espanha,7682.0,11128.0,2004
Uvas frescas,Estados Unidos,14655.0,17500.0,2004
Uvas frescas,Grécia,,,2004
Uvas frescas,Itália,,,2004
Uvas frescas,México,,,2004
Uvas frescas,Peru,,,2004
Uvas frescas,Paraguai,,,2004
Uvas frescas,Portugal,,,2004
Uvas frescas,Panamá,,,2004
Uvas frescas,Reino Unido,,,2004
Uvas frescas,Uruguai,,,2004
Uvas frescas,Venezuela,,,2004
Uvas frescas,Não consta na tabela,,,2004
Uvas frescas,Outros,,,2004
Uvas frescas,Total,6071543.0,4050878.0,2004
Uvas passas,Afeganistão,,,2007
Uvas passas,África do Sul,99500.0,215677.0,2007
Uvas passas,"Alemanha, República Democrática",,,2007
Uvas passas,Arábia Saudita,,,2007
Uvas passas,Argentina,15203133.0,19187668.0,2007
Uvas passas,Austrália,,,2007
Uvas passas,Bélgica,,,2007
Uvas passas,Chile,1239130.0,1415636.0,2007
Uvas passas,China,,,2007
Uvas passas,China Continental,148000.0,250669.0,2007
Uvas passas,Cingapura,,,2007
Uvas passas,Costa Rica,,,2007
Uvas passas,Emirados,,,2007
Uvas passas,Egito,,,2007
Uvas passas,Espanha,,,2007
Uvas passas,Estados Unidos,370796.0,780250.0,2007
Uvas passas,França,,,2007
Uvas passas,Grécia,,,2007
Uvas passas,Guiana Britânica,,,2007
Uvas passas,Índia,,,2007
Uvas passas,Irã,1040345.0,1679789.0,2007
Uvas passas,Itália,2075.0,6600.0,2007
Uvas passas,Japão,,,2007
Uvas passas,México,,,2007
Uvas passas,Países Baixos,,,2007
Uvas passas,Paraguai,,,2007
Uvas passas,Peru,,,2007
Uvas passas,Portugal,,,2007
Uvas passas,Reino Unido,,,2007
Uvas passas,Suécia,,,2007
Uvas passas,Turquia,792250.0,911049.0,2007
Uvas passas,Uruguai,,,2007
Uvas passas,Uzbequistão,,,2007
Uvas passas,Venezuela,,,2007
Uvas passas,Não consta na tabela,,,2007
Uvas passas,Outros,,,2007
Uvas passas,Total,18895229.0,24447338.0,2007
Uvas passas,Afeganistão,125000.0,179545.0,2015
Uvas passas,África do Sul,1418063.0,3278109.0,2015
Uvas passas,"Alemanha, República Democrática",,,2015
Uvas passas,Arábia Saudita,,,2015
Uvas passas,Argentina,20905602.0,32341307.0,2015
Uvas passas,Austrália,,,2015
Uvas passas,Bélgica,,,2015
Uvas passas,Chile,747700.0,1522661.0,2015
Uvas passas,China,,,2015
Uvas passas,China Continental,,,2015
Uvas passas,Cingapura,,,2015
Uvas passas,Costa Rica,,,2015
Uvas passas,Emirados,40000.0,95856.0,2015
Uvas passas,Egito,,,2015
Uvas passas,Espanha,,,2015
Uvas passas,Estados Unidos,350138.0,1034494.0,2015
Uvas passas,França,658.0,4705.0,2015
Uvas passas,Grécia,,,2015
Uvas passas,Guiana Britânica,,,2015
Uvas passas,Índia,57000.0,60717.0,2015
Uvas passas,Irã,184500.0,418722.0,2015
Uvas passas,Itália,,,2015
Uvas passas,Japão,,,2015
Uvas passas,México,,,2015
Uvas passas,Países Baixos,,,2015
Uvas passas,Paraguai,,,2015
Uvas passas,Peru,,,2015
Uvas passas,Portugal,250.0,445.0,2015
Uvas passas,Reino Unido,25.0,426.0,2015
Uvas passas,Suécia,,,2015
Uvas passas,Turquia,1006000.0,1666760.0,2015
Uvas passas,Uruguai,,,2015
Uvas passas,Uzbequistão,,,2015
Uvas passas,Venezuela,,,2015
Uvas passas,Não consta na tabela,,,2015
Uvas passas,Outros,,,2015
Uvas passas,Total,24834936.0,40603747.0,2015
Uvas passas,Afeganistão,,,2016
Uvas passas,África do Sul,617500.0,1487082.0,2016
Uvas passas,"Alemanha, República Democrática",,,2016
Uvas passas,Arábia Saudita,,,2016
Uvas passas,Argentina,23280908.0,34643821.0,2016
Uvas passas,Austrália,,,2016
Uvas passas,Bélgica,,,2016
Uvas passas,Chile,365670.0,613554.0,2016
Uvas passas,China,,,2016
Uvas passas,China Continental,,,2016
Uvas passas,Cingapura,,,2016
Uvas passas,Costa Rica,,,2016
Uvas passas,Emirados,,,2016
Uvas passas,Egito,,,2016
Uvas passas,Espanha,,,2016
Uvas passas,Estados Unidos,236134.0,636045.0,2016
Uvas passas,França,,,2016
Uvas passas,Grécia,4000.0,9248.0,2016
Uvas passas,Guiana Britânica,,,2016
Uvas passas,Índia,162000.0,346815.0,2016
Uvas passas,Irã,493000.0,1113453.0,2016
Uvas passas,Itália,,,2016
Uvas passas,Japão,,,2016
Uvas passas,México,,,2016
Uvas passas,Países Baixos,,,2016
Uvas passas,Paraguai,,,2016
Uvas passas,Peru,,,2016
Uvas passas,Portugal,,,2016
Uvas passas,Reino Unido,21.0,402.0,2016
Uvas passas,Suécia,,,2016
Uvas passas,Turquia,2386092.0,3162573.0,2016
Uvas passas,Uruguai,,,2016
Uvas passas,Uzbequistão,,,2016
Uvas passas,Venezuela,,,2016
Uvas passas,Não consta na tabela,,,2016
Uvas passas,Outros,,,2016
Uvas passas,Total,27545325.0,42012993.0,2016
Suco de uva,Africa do Sul,7154.0,5841.0,2016
Suco de uva,Alemanha,6540.0,75902.0,2016
Suco de uva,Argentina,59028.0,80898.0,2016
Suco de uva,Austria,,,2016
Suco de uva,Canadá,,,2016
Suco de uva,"Coreia do Sul, República",30022.0,44524.0,2016
Suco de uva,"Coreia do Norte, República",,,2016
Suco de uva,Chile,94940.0,183525.0,2016
Suco de uva,China,,,2016
Suco de uva,Dinamarca,,,2016
Suco de uva,Espanha,,,2016
Suco de uva,Estados Unidos,68730.0,108205.0,2016
Suco de uva,França,,,2016
Suco de uva,Guiana,,,2016
Suco de uva,Israel,1200.0,1656.0,2016
Suco de uva,itália,774.0,1594.0,2016
Suco de uva,Japão,,,2016
Suco de uva,Líbano,,,2016
Suco de uva,México,,,2016
Suco de uva,Países Baixos,,,2016
Suco de uva,Panamá,,,2016
Suco de uva,Peru,10238.0,8908.0,2016
Suco de uva,Portugal,,,2016
Suco de uva,Reino Unido,,,2016
Suco de uva,Taiwan,,,2016
Suco de uva,Turquia,,,2016
Suco de uva,Uruguai,,,2016
Suco de uva,Venezuela,,,2016
Suco de uva,Outros,,,2016
Suco de uva,Total,278626.0,511053.0,2016
Vinhos de mesa,Africa do Sul,1138732.0,3241298.0,2017
Vinhos de mesa,Alemanha,83289.0,315959.0,2017
Vinhos de mesa,Argélia,,,2017
Vinhos de mesa,Arábia Saudita,,,2017
Vinhos de mesa,Argentina,15461740.0,51770842.0,2017
Vinhos de mesa,Armênia,,,2017
Vinhos de mesa,Austrália,354641.0,1246545.0,2017
Vinhos de mesa,Áustria,2655.0,24629.0,2017
Vinhos de mesa,Bermudas,,,2017
Vinhos de mesa,Bélgica,4376.0,45221.0,2017
Vinhos de mesa,Bolívia,,,2017
Vinhos de mesa,Bósnia-Herzegovina,,,2017
Vinhos de mesa,Brasil,845617.0,260135.0,2017
Vinhos de mesa,Bulgária,35284.0,68234.0,2017
Vinhos de mesa,Canada,,,2017
Vinhos de mesa,Chile,51787643.0,145628860.0,2017
Vinhos de mesa,China,1000.0,613.0,2017
Vinhos de mesa,"Coreia do Sul, República",,,2017
Vinhos de mesa,Croácia,,,2017
Vinhos de mesa,Cuba,,,2017
Vinhos de mesa,Emirados Árabes Unidos,,,2017
Vinhos de mesa,Eslovênia,,,2017
Vinhos de mesa,Eslováquia,21424.0,64828.0,2017
Vinhos de mesa,Espanha,7240535.0,19834451.0,2017
Vinhos de mesa,Estados Unidos,1372347.0,4110641.0,2017
Vinhos de mesa,França,5921728.0,25280255.0,2017
Vinhos de mesa,Geórgia,,,2017
Vinhos de mesa,"Geórgia do Sul e Sandwich do Sul, Ilhas",,,2017
Vinhos de mesa,Grécia,40775.0,139486.0,2017
Vinhos de mesa,Hong Kong,,,2017
Vinhos de mesa,Hungria,23813.0,168353.0,2017
Vinhos de mesa,Indonésia,,,2017
Vinhos de mesa,Irlanda,,,2017
Vinhos de mesa,Israel,37302.0,120463.0,2017
Vinhos de mesa,Itália,11538990.0,33707111.0,2017
Vinhos de mesa,Japão,,,2017
Vinhos de mesa,Iugoslávia,,,2017
Vinhos de mesa,Líbano,12737.0,93480.0,2017
Vinhos de mesa,Luxemburgo,,,2017
Vinhos de mesa,Macedônia,,,2017
Vinhos de mesa,Marrocos,,,2017
Vinhos de mesa,México,,,2017
Vinhos de mesa,Moldávia,,,2017
Vinhos de mesa,Montenegro,,,2017
Vinhos de mesa,Noruega,5.0,27.0,2017
Vinhos de mesa,Nova Zelândia,31379.0,248412.0,2017
Vinhos de mesa,Países Baixos (Holanda),,,2017
Vinhos de mesa,Panamá,,,2017
Vinhos de mesa,Paraguai,,,2017
Vinhos de mesa,Peru,,,2017
Vinhos de mesa,Porto Rico,,,2017
Vinhos de mesa,Portugal,17345709.0,45032247.0,2017
Vinhos de mesa,Reino Unido,16.0,1033.0,2017
Vinhos de mesa,Republica Dominicana,,,2017
Vinhos de mesa,Romênia,18509.0,52150.0,2017
Vinhos de mesa,Rússia,,,2017
Vinhos de mesa,San Marino,,,2017
Vinhos de mesa,Sérvia,,,2017
Vinhos de mesa,Síria,398.0,269.0,2017
Vinhos de mesa,Suazilândia,,,2017
Vinhos de mesa,Suíça,138.0,2873.0,2017
Vinhos de mesa,"Tcheca, República",,,2017
Vinhos de mesa,Tunísia,,,2017
Vinhos de mesa,Turquia,,,2017
Vinhos de mesa,Ucrânia,865.0,931.0,2017
Vinhos de mesa,Uruguai,5009098.0,7751966.0,2017
Vinhos de mesa,Não consta na tabela,,,2017
Vinhos de mesa,Não declarados,,,2017
Vinhos de mesa,Outros,,,2017
Vinhos de mesa,Total,118330745.0,339211312.0,2017
Espumantes,Africa do Sul,4913.0,23919.0,2017
Espumantes,Alemanha,4819.0,37116.0,2017
Espumantes,Argentina,661857.0,2249681.0,2017
Espumantes,Austrália,19198.0,51731.0,2017
Espumantes,Áustria,,,2017
Espumantes,Bermudas,,,2017
Espumantes,Bahamas,519.0,11136.0,2017
Espumantes,Bélgica,923.0,50574.0,2017
Espumantes,Brasil,6166.0,180512.0,2017
Espumantes,Bulgária,3.0,716.0,2017
Espumantes,Canada,,,2017
Espumantes,Chile,304391.0,1350744.0,2017
Espumantes,Croácia,,,2017
Espumantes,Cuba,,,2017
Espumantes,Emirados Árabes Unidos,,,2017
Espumantes,Eslovênia,2093.0,10110.0,2017
Espumantes,Espanha,1493908.0,5592839.0,2017
Espumantes,Estados Unidos,8408.0,226792.0,2017
Espumantes,França,1778528.0,14966946.0,2017
Espumantes,Geórgia,,,2017
Espumantes,Granada,,,2017
Espumantes,Grécia,156.0,277.0,2017
Espumantes,Hong Kong,,,2017
Espumantes,Hungria,1624.0,6960.0,2017
Espumantes,Indonésia,,,2017
Espumantes,Irlanda,,,2017
Espumantes,Israel,,,2017
Espumantes,Itália,3065767.0,5635842.0,2017
Espumantes,Japão,,,2017
Espumantes,Luxemburgo,,,2017
Espumantes,México,,,2017
Espumantes,Moldávia,,,2017
Espumantes,Nova Zelândia,,,2017
Espumantes,Países Baixos,,,2017
Espumantes,Panamá,,,2017
Espumantes,Peru,,,2017
Espumantes,Portugal,123786.0,492083.0,2017
Espumantes,Reino Unido,350.0,2424.0,2017
Espumantes,Romênia,,,2017
Espumantes,Suíça,,,2017
Espumantes,Tunísia,,,2017
Espumantes,Ucrânia,,,2017
Espumantes,Uruguai,1080.0,7920.0,2017
Espumantes,Não consta na tabela,,,2017
Espumantes,Não declarados,,,2017
Espumantes,Outros,,,2017
Espumantes,Total,7478489.0,30898322.0,2017
Uvas passas,Afeganistão,,,2017
Uvas passas,África do Sul,370500.0,942442.0,2017
Uvas passas,"Alemanha, República Democrática",,,2017
Uvas passas,Arábia Saudita,,,2017
Uvas passas,Argentina,19742996.0,34422405.0,2017
Uvas passas,Austrália,,,2017
Uvas passas,Bélgica,,,2017
Uvas passas,Chile,483305.0,971604.0,2017
Uvas passas,China,,,2017
Uvas passas,China Continental,53000.0,65028.0,2017
Uvas passas,Cingapura,,,2017
Uvas passas,Costa Rica,,,2017
Uvas passas,Emirados,,,2017
Uvas passas,Egito,,,2017
Uvas passas,Espanha,,,2017
Uvas passas,Estados Unidos,257670.0,671036.0,2017
Uvas passas,França,,,2017
Uvas passas,Grécia,1950.0,4287.0,2017
Uvas passas,Guiana Britânica,,,2017
Uvas passas,Índia,397130.0,476398.0,2017
Uvas passas,Irã,1194500.0,1975882.0,2017
Uvas passas,Itália,,,2017
Uvas passas,Japão,,,2017
Uvas passas,México,,,2017
Uvas passas,Países Baixos,,,2017
Uvas passas,Paraguai,,,2017
Uvas passas,Peru,10.0,10.0,2017
Uvas passas,Portugal,,,2017
Uvas passas,Reino Unido,66.0,1494.0,2017
Uvas passas,Suécia,,,2017
Uvas passas,Turquia,2834805.0,4001169.0,2017
Uvas passas,Uruguai,,,2017
Uvas passas,Uzbequistão,,,2017
Uvas passas,Venezuela,,,2017
Uvas passas,Não consta na tabela,,,2017
Uvas passas,Outros,,,2017
Uvas passas,Total,25335932.0,43531755.0,2017
Suco de uva,Africa do Sul,22029.0,17551.0,2017
Suco de uva,Alemanha,,,2017
Suco de uva,Argentina,72900.0,90518.0,2017
Suco de uva,Austria,1333.0,1467.0,2017
Suco de uva,Canadá,,,2017
Suco de uva,"Coreia do Sul, República",28927.0,41276.0,2017
Suco de uva,"Coreia do Norte, República",,,2017
Suco de uva,Chile,,,2017
Suco de uva,China,2475.0,2098.0,2017
Suco de uva,Dinamarca,,,2017
Suco de uva,Espanha,,,2017
Suco de uva,Estados Unidos,32691.0,40554.0,2017
Suco de uva,França,,,2017
Suco de uva,Guiana,,,2017
Suco de uva,Israel,5340.0,7399.0,2017
Suco de uva,itália,1161.0,4254.0,2017
Suco de uva,Japão,,,2017
Suco de uva,Líbano,,,2017
Suco de uva,México,,,2017
Suco de uva,Países Baixos,,,2017
Suco de uva,Panamá,,,2017
Suco de uva,Peru,38321.0,37176.0,2017
Suco de uva,Portugal,4500.0,5576.0,2017
Suco de uva,Reino Unido,,,2017
Suco de uva,Taiwan,,,2017
Suco de uva,Turquia,27816.0,19461.0,2017
Suco de uva,Uruguai,,,2017
Suco de uva,Venezuela,,,2017
Suco de uva,Outros,,,2017
Suco de uva,Total,237493.0,267330.0,2017
Vinhos de mesa,Africa do Sul,1127053.0,3574371.0,2018
Vinhos de mesa,Alemanha,142971.0,516975.0,2018
Vinhos de mesa,Argélia,,,2018
Vinhos de mesa,Arábia Saudita,563.0,3249.0,2018
Vinhos de mesa,Argentina,15221318.0,52817642.0,2018
Vinhos de mesa,Armênia,,,2018
Vinhos de mesa,Austrália,3518.0,21664.0,2018
Vinhos de mesa,Áustria,513995.0,1567866.0,2018
Vinhos de mesa,Bermudas,,,2018
Vinhos de mesa,Bélgica,163.0,1201.0,2018
Vinhos de mesa,Bolívia,,,2018
Vinhos de mesa,Bósnia-Herzegovina,,,2018
Vinhos de mesa,Brasil,18040.0,121806.0,2018
Vinhos de mesa,Bulgária,16166.0,17550.0,2018
Vinhos de mesa,Canada,301.0,17418.0,2018
Vinhos de mesa,Chile,51104825.0,144731210.0,2018
Vinhos de mesa,China,5.0,472.0,2018
Vinhos de mesa,"Coreia do Sul, República",,,2018
Vinhos de mesa,Croácia,,,2018
Vinhos de mesa,Cuba,,,2018
Vinhos de mesa,Emirados Árabes Unidos,,,2018
Vinhos de mesa,Eslovênia,20976.0,68521.0,2018
Vinhos de mesa,Eslováquia,10800.0,17938.0,2018
Vinhos de mesa,Espanha,5595268.0,19353631.0,2018
Vinhos de mesa,Estados Unidos,548655.0,2584781.0,2018
Vinhos de mesa,França,4653789.0,22688105.0,2018
Vinhos de mesa,Geórgia,8164.0,20416.0,2018
Vinhos de mesa,"Geórgia do Sul e Sandwich do Sul, Ilhas",,,2018
Vinhos de mesa,Grécia,41601.0,135185.0,2018
Vinhos de mesa,Hong Kong,,,2018
Vinhos de mesa,Hungria,23742.0,113405.0,2018
Vinhos de mesa,Indonésia,36.0,210.0,2018
Vinhos de mesa,Irlanda,107.0,954.0,2018
Vinhos de mesa,Israel,40354.0,182017.0,2018
Vinhos de mesa,Itália,10154564.0,34857594.0,2018
Vinhos de mesa,Japão,,,2018
Vinhos de mesa,Iugoslávia,,,2018
Vinhos de mesa,Líbano,19742.0,150044.0,2018
Vinhos de mesa,Luxemburgo,5.0,42.0,2018
Vinhos de mesa,Macedônia,,,2018
Vinhos de mesa,Marrocos,,,2018
Vinhos de mesa,México,134.0,804.0,2018
Vinhos de mesa,Moldávia,,,2018
Vinhos de mesa,Montenegro,,,2018
Vinhos de mesa,Noruega,,,2018
Vinhos de mesa,Nova Zelândia,130854.0,686193.0,2018
Vinhos de mesa,Países Baixos (Holanda),283.0,8719.0,2018
Vinhos de mesa,Panamá,,,2018
Vinhos de mesa,Paraguai,,,2018
Vinhos de mesa,Peru,77.0,653.0,2018
Vinhos de mesa,Porto Rico,47.0,404.0,2018
Vinhos de mesa,Portugal,17698831.0,53237413.0,2018
Vinhos de mesa,Reino Unido,4126.0,51034.0,2018
Vinhos de mesa,Republica Dominicana,2.0,13.0,2018
Vinhos de mesa,Romênia,13719.0,9695.0,2018
Vinhos de mesa,Rússia,17483.0,66160.0,2018
Vinhos de mesa,San Marino,,,2018
Vinhos de mesa,Sérvia,,,2018
Vinhos de mesa,Síria,,,2018
Vinhos de mesa,Suazilândia,,,2018
Vinhos de mesa,Suíça,559.0,7647.0,2018
Vinhos de mesa,"Tcheca, República",,,2018
Vinhos de mesa,Tunísia,,,2018
Vinhos de mesa,Turquia,1591.0,1245.0,2018
Vinhos de mesa,Ucrânia,,,2018
Vinhos de mesa,Uruguai,2836574.0,8467846.0,2018
Vinhos de mesa,Não consta na tabela,,,2018
Vinhos de mesa,Não declarados,,,2018
Vinhos de mesa,Outros,,,2018
Vinhos de mesa,Total,109971001.0,346102093.0,2018
Espumantes,Africa do Sul,15368.0,74800.0,2018
Espumantes,Alemanha,18376.0,82273.0,2018
Espumantes,Argentina,706478.0,2462909.0,2018
Espumantes,Austrália,57917.0,212199.0,2018
Espumantes,Áustria,1228.0,11638.0,2018
Espumantes,Bermudas,,,2018
Espumantes,Bahamas,169.0,2283.0,2018
Espumantes,Bélgica,,,2018
Espumantes,Brasil,566215.0,162992.0,2018
Espumantes,Bulgária,,,2018
Espumantes,Canada,3852.0,109402.0,2018
Espumantes,Chile,316293.0,1312445.0,2018
Espumantes,Croácia,,,2018
Espumantes,Cuba,,,2018
Espumantes,Emirados Árabes Unidos,,,2018
Espumantes,Eslovênia,1800.0,8860.0,2018
Espumantes,Espanha,1515106.0,5707839.0,2018
Espumantes,Estados Unidos,26405.0,64081.0,2018
Espumantes,França,3637804.0,12678962.0,2018
Espumantes,Geórgia,,,2018
Espumantes,Granada,,,2018
Espumantes,Grécia,,,2018
Espumantes,Hong Kong,,,2018
Espumantes,Hungria,1802.0,5977.0,2018
Espumantes,Indonésia,35.0,271.0,2018
Espumantes,Irlanda,,,2018
Espumantes,Israel,,,2018
Espumantes,Itália,2147490.0,5947967.0,2018
Espumantes,Japão,,,2018
Espumantes,Luxemburgo,208.0,1902.0,2018
Espumantes,México,95.0,777.0,2018
Espumantes,Moldávia,,,2018
Espumantes,Nova Zelândia,,,2018
Espumantes,Países Baixos,305.0,10695.0,2018
Espumantes,Panamá,15057.0,30546.0,2018
Espumantes,Peru,,,2018
Espumantes,Portugal,128802.0,526987.0,2018
Espumantes,Reino Unido,3834.0,104831.0,2018
Espumantes,Romênia,,,2018
Espumantes,Suíça,576.0,4031.0,2018
Espumantes,Tunísia,,,2018
Espumantes,Ucrânia,,,2018
Espumantes,Uruguai,776.0,5786.0,2018
Espumantes,Não consta na tabela,,,2018
Espumantes,Não declarados,,,2018
Espumantes,Outros,,,2018
Espumantes,Total,9165991.0,29530453.0,2018
Uvas frescas,Argélia,,,2018
Uvas frescas,Argentina,1616855.0,2499358.0,2018
Uvas frescas,Brasil,,,2018
Uvas frescas,Chile,16103415.0,25237521.0,2018
Uvas frescas,Colômbia,,,2018
Uvas frescas,Egito,,,2018
Uvas frescas,Espanha,83212.0,164529.0,2018
Uvas frescas,Estados Unidos,15100.0,40981.0,2018
Uvas frescas,Grécia,,,2018
Uvas frescas,Itália,334544.0,610245.0,2018
Uvas frescas,México,,,2018
Uvas frescas,Peru,947045.0,1936467.0,2018
Uvas frescas,Paraguai,,,2018
Uvas frescas,Portugal,,,2018
Uvas frescas,Panamá,,,2018
Uvas frescas,Reino Unido,,,2018
Uvas frescas,Uruguai,,,2018
Uvas frescas,Venezuela,,,2018
Uvas frescas,Não consta na tabela,,,2018
Uvas frescas,Outros,,,2018
Uvas frescas,Total,19100171.0,30489101.0,2018
Uvas passas,Afeganistão,,,2018
Uvas passas,África do Sul,1089700.0,3106052.0,2018
Uvas passas,"Alemanha, República Democrática",,,2018
Uvas passas,Arábia Saudita,,,2018
Uvas passas,Argentina,23564519.0,43501396.0,2018
Uvas passas,Austrália,,,2018
Uvas passas,Bélgica,,,2018
Uvas passas,Chile,127231.0,290772.0,2018
Uvas passas,China,,,2018
Uvas passas,China Continental,224165.0,279253.0,2018
Uvas passas,Cingapura,,,2018
Uvas passas,Costa Rica,,,2018
Uvas passas,Emirados,,,2018
Uvas passas,Egito,,,2018
Uvas passas,Espanha,,,2018
Uvas passas,Estados Unidos,42859.0,244215.0,2018
Uvas passas,França,,,2018
Uvas passas,Grécia,1600.0,5156.0,2018
Uvas passas,Guiana Britânica,,,2018
Uvas passas,Índia,736700.0,1007031.0,2018
Uvas passas,Irã,340000.0,817941.0,2018
Uvas passas,Itália,,,2018
Uvas passas,Japão,,,2018
Uvas passas,México,,,2018
Uvas passas,Países Baixos,,,2018
Uvas passas,Paraguai,,,2018
Uvas passas,Peru,,,2018
Uvas passas,Portugal,,,2018
Uvas passas,Reino Unido,20.0,461.0,2018
Uvas passas,Suécia,,,2018
Uvas passas,Turquia,262616.0,494370.0,2018
Uvas passas,Uruguai,,,2018
Uvas passas,Uzbequistão,,,2018
Uvas passas,Venezuela,,,2018
Uvas passas,Não consta na tabela,,,2018
Uvas passas,Outros,,,2018
Uvas passas,Total,26389410.0,49746647.0,2018
Suco de uva,Africa do Sul,21618.0,18334.0,2018
Suco de uva,Alemanha,80.0,652.0,2018
Suco de uva,Argentina,2998.0,3139.0,2018
Suco de uva,Austria,,,2018
Suco de uva,Canadá,,,2018
Suco de uva,"Coreia do Sul, República",77955.0,99441.0,2018
Suco de uva,"Coreia do Norte, República",,,2018
Suco de uva,Chile,,,2018
Suco de uva,China,,,2018
Suco de uva,Dinamarca,,,2018
Suco de uva,Espanha,422.0,806.0,2018
Suco de uva,Estados Unidos,14541.0,8226.0,2018
Suco de uva,França,,,2018
Suco de uva,Guiana,,,2018
Suco de uva,Israel,840.0,1034.0,2018
Suco de uva,itália,,,2018
Suco de uva,Japão,,,2018
Suco de uva,Líbano,,,2018
Suco de uva,México,,,2018
Suco de uva,Países Baixos,,,2018
Suco de uva,Panamá,,,2018
Suco de uva,Peru,,,2018
Suco de uva,Portugal,,,2018
Suco de uva,Reino Unido,,,2018
Suco de uva,Taiwan,,,2018
Suco de uva,Turquia,,,2018
Suco de uva,Uruguai,225.0,600.0,2018
Suco de uva,Venezuela,,,2018
Suco de uva,Outros,,,2018
Suco de uva,Total,118679.0,132232.0,2018
Vinhos de mesa,Africa do Sul,1092042.0,3604038.0,2019
Vinhos de mesa,Alemanha,101055.0,412794.0,2019
Vinhos de mesa,Argélia,,,2019
Vinhos de mesa,Arábia Saudita,,,2019
Vinhos de mesa,Argentina,16548931.0,54527380.0,2019
Vinhos de mesa,Armênia,,,2019
Vinhos de mesa,Austrália,16292.0,1214643.0,2019
Vinhos de mesa,Áustria,348289.0,128379.0,2019
Vinhos de mesa,Bermudas,,,2019
Vinhos de mesa,Bélgica,7.0,30.0,2019
Vinhos de mesa,Bolívia,,,2019
Vinhos de mesa,Bósnia-Herzegovina,,,2019
Vinhos de mesa,Brasil,29295.0,246008.0,2019
Vinhos de mesa,Bulgária,10944.0,9915.0,2019
Vinhos de mesa,Canada,,,2019
Vinhos de mesa,Chile,52697108.0,145471294.0,2019
Vinhos de mesa,China,317.0,2458.0,2019
Vinhos de mesa,"Coreia do Sul, República",,,2019
Vinhos de mesa,Croácia,450.0,2900.0,2019
Vinhos de mesa,Cuba,,,2019
Vinhos de mesa,Emirados Árabes Unidos,,,2019
Vinhos de mesa,Eslovênia,30968.0,101190.0,2019
Vinhos de mesa,Eslováquia,459.0,3160.0,2019
Vinhos de mesa,Espanha,5797980.0,17111436.0,2019
Vinhos de mesa,Estados Unidos,534870.0,2400830.0,2019
Vinhos de mesa,França,5324383.0,24299524.0,2019
Vinhos de mesa,Geórgia,21748.0,41161.0,2019
Vinhos de mesa,"Geórgia do Sul e Sandwich do Sul, Ilhas",,,2019
Vinhos de mesa,Grécia,21251.0,70881.0,2019
Vinhos de mesa,Hong Kong,,,2019
Vinhos de mesa,Hungria,34591.0,146500.0,2019
Vinhos de mesa,Indonésia,258.0,1464.0,2019
Vinhos de mesa,Irlanda,179.0,1705.0,2019
Vinhos de mesa,Israel,52237.0,182602.0,2019
Vinhos de mesa,Itália,10323254.0,33355982.0,2019
Vinhos de mesa,Japão,153.0,1429.0,2019
Vinhos de mesa,Iugoslávia,,,2019
Vinhos de mesa,Líbano,21836.0,167358.0,2019
Vinhos de mesa,Luxemburgo,,,2019
Vinhos de mesa,Macedônia,1323.0,874.0,2019
Vinhos de mesa,Marrocos,2250.0,16816.0,2019
Vinhos de mesa,México,646.0,3927.0,2019
Vinhos de mesa,Moldávia,,,2019
Vinhos de mesa,Montenegro,1701.0,5440.0,2019
Vinhos de mesa,Noruega,,,2019
Vinhos de mesa,Nova Zelândia,133179.0,776830.0,2019
Vinhos de mesa,Países Baixos (Holanda),634.0,5297.0,2019
Vinhos de mesa,Panamá,17.0,96.0,2019
Vinhos de mesa,Paraguai,,,2019
Vinhos de mesa,Peru,,,2019
Vinhos de mesa,Porto Rico,21.0,115.0,2019
Vinhos de mesa,Portugal,18228699.0,51444189.0,2019
Vinhos de mesa,Reino Unido,4819.0,46623.0,2019
Vinhos de mesa,Republica Dominicana,,,2019
Vinhos de mesa,Romênia,5196.0,6706.0,2019
Vinhos de mesa,Rússia,,,2019
Vinhos de mesa,San Marino,,,2019
Vinhos de mesa,Sérvia,,,2019
Vinhos de mesa,Síria,641.0,409.0,2019
Vinhos de mesa,Suazilândia,,,2019
Vinhos de mesa,Suíça,4510.0,63619.0,2019
Vinhos de mesa,"Tcheca, República",,,2019
Vinhos de mesa,Tunísia,,,2019
Vinhos de mesa,Turquia,,,2019
Vinhos de mesa,Ucrânia,4646.0,3074.0,2019
Vinhos de mesa,Uruguai,2778244.0,7938059.0,2019
Vinhos de mesa,Não consta na tabela,,,2019
Vinhos de mesa,Não declarados,,,2019
Vinhos de mesa,Outros,,,2019
Vinhos de mesa,Total,114175423.0,343817135.0,2019
Espumantes,Africa do Sul,17583.0,72077.0,2019
Espumantes,Alemanha,26853.0,169989.0,2019
Espumantes,Argentina,757716.0,2282614.0,2019
Espumantes,Austrália,16701.0,27592.0,2019
Espumantes,Áustria,1269.0,11571.0,2019
Espumantes,Bermudas,,,2019
Espumantes,Bahamas,,,2019
Espumantes,Bélgica,,,2019
Espumantes,Brasil,15464.0,238268.0,2019
Espumantes,Bulgária,,,2019
Espumantes,Canada,,,2019
Espumantes,Chile,233064.0,912613.0,2019
Espumantes,Croácia,,,2019
Espumantes,Cuba,,,2019
Espumantes,Emirados Árabes Unidos,,,2019
Espumantes,Eslovênia,518.0,2539.0,2019
Espumantes,Espanha,1440241.0,4463736.0,2019
Espumantes,Estados Unidos,13239.0,105197.0,2019
Espumantes,França,1610293.0,13991734.0,2019
Espumantes,Geórgia,,,2019
Espumantes,Granada,,,2019
Espumantes,Grécia,230.0,318.0,2019
Espumantes,Hong Kong,,,2019
Espumantes,Hungria,585.0,1379.0,2019
Espumantes,Indonésia,66.0,529.0,2019
Espumantes,Irlanda,,,2019
Espumantes,Israel,5035.0,17085.0,2019
Espumantes,Itália,1874314.0,4790173.0,2019
Espumantes,Japão,,,2019
Espumantes,Luxemburgo,518.0,4067.0,2019
Espumantes,México,133.0,1104.0,2019
Espumantes,Moldávia,,,2019
Espumantes,Nova Zelândia,72.0,657.0,2019
Espumantes,Países Baixos,827.0,47027.0,2019
Espumantes,Panamá,,,2019
Espumantes,Peru,,,2019
Espumantes,Portugal,144296.0,621259.0,2019
Espumantes,Reino Unido,1320.0,11869.0,2019
Espumantes,Romênia,,,2019
Espumantes,Suíça,,,2019
Espumantes,Tunísia,,,2019
Espumantes,Ucrânia,,,2019
Espumantes,Uruguai,2241.0,22983.0,2019
Espumantes,Não consta na tabela,,,2019
Espumantes,Não declarados,,,2019
Espumantes,Outros,,,2019
Espumantes,Total,6162578.0,27796380.0,2019
Uvas frescas,Argélia,,,2019
Uvas frescas,Argentina,3211513.0,4659791.0,2019
Uvas frescas,Brasil,,,2019
Uvas frescas,Chile,9082957.0,13450429.0,2019
Uvas frescas,Colômbia,,,2019
Uvas frescas,Egito,,,2019
Uvas frescas,Espanha,51079.0,109171.0,2019
Uvas frescas,Estados Unidos,1343.0,10481.0,2019
Uvas frescas,Grécia,,,2019
Uvas frescas,Itália,591991.0,1020673.0,2019
Uvas frescas,México,,,2019
Uvas frescas,Peru,1585923.0,2862870.0,2019
Uvas frescas,Paraguai,,,2019
Uvas frescas,Portugal,,,2019
Uvas frescas,Panamá,,,2019
Uvas frescas,Reino Unido,,,2019
Uvas frescas,Uruguai,,,2019
Uvas frescas,Venezuela,,,2019
Uvas frescas,Não consta na tabela,,,2019
Uvas frescas,Outros,,,2019
Uvas frescas,Total,14524806.0,22113415.0,2019
Uvas passas,Afeganistão,40000.0,65452.0,2019
Uvas passas,África do Sul,270875.0,763921.0,2019
Uvas passas,"Alemanha, República Democrática",,,2019
Uvas passas,Arábia Saudita,,,2019
Uvas passas,Argentina,24135143.0,48810789.0,2019
Uvas passas,Austrália,,,2019
Uvas passas,Bélgica,,,2019
Uvas passas,Chile,384437.0,1096176.0,2019
Uvas passas,China,,,2019
Uvas passas,China Continental,934000.0,1352954.0,2019
Uvas passas,Cingapura,,,2019
Uvas passas,Costa Rica,,,2019
Uvas passas,Emirados,,,2019
Uvas passas,Egito,,,2019
Uvas passas,Espanha,1.0,24.0,2019
Uvas passas,Estados Unidos,90132.0,345044.0,2019
Uvas passas,França,,,2019
Uvas passas,Grécia,,,2019
Uvas passas,Guiana Britânica,,,2019
Uvas passas,Índia,481000.0,677056.0,2019
Uvas passas,Irã,646000.0,1369316.0,2019
Uvas passas,Itália,,,2019
Uvas passas,Japão,,,2019
Uvas passas,México,,,2019
Uvas passas,Países Baixos,,,2019
Uvas passas,Paraguai,,,2019
Uvas passas,Peru,,,2019
Uvas passas,Portugal,0.0,2.0,2019
Uvas passas,Reino Unido,11.0,209.0,2019
Uvas passas,Suécia,,,2019
Uvas passas,Turquia,427590.0,865709.0,2019
Uvas passas,Uruguai,,,2019
Uvas passas,Uzbequistão,399630.0,624285.0,2019
Uvas passas,Venezuela,,,2019
Uvas passas,Não consta na tabela,,,2019
Uvas passas,Outros,,,2019
Uvas passas,Total,27808819.0,55970937.0,2019
Suco de uva,Africa do Sul,,,2019
Suco de uva,Alemanha,,,2019
Suco de uva,Argentina,,,2019
Suco de uva,Austria,666.0,655.0,2019
Suco de uva,Canadá,,,2019
Suco de uva,"Coreia do Sul, República",,,2019
Suco de uva,"Coreia do Norte, República",,,2019
Suco de uva,Chile,,,2019
Suco de uva,China,,,2019
Suco de uva,Dinamarca,,,2019
Suco de uva,Espanha,,,2019
Suco de uva,Estados Unidos,9273.0,14093.0,2019
Suco de uva,França,,,2019
Suco de uva,Guiana,,,2019
Suco de uva,Israel,3360.0,3609.0,2019
Suco de uva,itália,,,2019
Suco de uva,Japão,,,2019
Suco de uva,Líbano,,,2019
Suco de uva,México,,,2019
Suco de uva,Países Baixos,,,2019
Suco de uva,Panamá,,,2019
Suco de uva,Peru,,,2019
Suco de uva,Portugal,,,2019
Suco de uva,Reino Unido,,,2019
Suco de uva,Taiwan,,,2019
Suco de uva,Turquia,,,2019
Suco de uva,Uruguai,,,2019
Suco de uva,Venezuela,,,2019
Suco de uva,Outros,,,2019
Suco de uva,Total,13299.0,18357.0,2019
Vinhos de mesa,Africa do Sul,627150.0,1701072.0,2020
Vinhos de mesa,Alemanha,136992.0,504168.0,2020
Vinhos de mesa,Argélia,,,2020
Vinhos de mesa,Arábia Saudita,,,2020
Vinhos de mesa,Argentina,22610267.0,66322932.0,2020
Vinhos de mesa,Armênia,,,2020
Vinhos de mesa,Austrália,212595.0,792051.0,2020
Vinhos de mesa,Áustria,6540.0,52348.0,2020
Vinhos de mesa,Bermudas,,,2020
Vinhos de mesa,Bélgica,,,2020
Vinhos de mesa,Bolívia,,,2020
Vinhos de mesa,Bósnia-Herzegovina,1218.0,902.0,2020
Vinhos de mesa,Brasil,4347.0,41213.0,2020
Vinhos de mesa,Bulgária,23110.0,58319.0,2020
Vinhos de mesa,Canada,,,2020
Vinhos de mesa,Chile,72726186.0,176540499.0,2020
Vinhos de mesa,China,,,2020
Vinhos de mesa,"Coreia do Sul, República",,,2020
Vinhos de mesa,Croácia,,,2020
Vinhos de mesa,Cuba,,,2020
Vinhos de mesa,Emirados Árabes Unidos,,,2020
Vinhos de mesa,Eslovênia,11392.0,39771.0,2020
Vinhos de mesa,Eslováquia,,,2020
Vinhos de mesa,Espanha,7169384.0,19802061.0,2020
Vinhos de mesa,Estados Unidos,366584.0,2119234.0,2020
Vinhos de mesa,França,5658139.0,24894394.0,2020
Vinhos de mesa,Geórgia,20274.0,42948.0,2020
Vinhos de mesa,"Geórgia do Sul e Sandwich do Sul, Ilhas",,,2020
Vinhos de mesa,Grécia,61181.0,219292.0,2020
Vinhos de mesa,Hong Kong,311.0,2776.0,2020
Vinhos de mesa,Hungria,5254.0,25250.0,2020
Vinhos de mesa,Indonésia,,,2020
Vinhos de mesa,Irlanda,,,2020
Vinhos de mesa,Israel,38239.0,224349.0,2020
Vinhos de mesa,Itália,9659999.0,32477890.0,2020
Vinhos de mesa,Japão,,,2020
Vinhos de mesa,Iugoslávia,,,2020
Vinhos de mesa,Líbano,12384.0,45908.0,2020
Vinhos de mesa,Luxemburgo,,,2020
Vinhos de mesa,Macedônia,,,2020
Vinhos de mesa,Marrocos,2160.0,8326.0,2020
Vinhos de mesa,México,33.0,181.0,2020
Vinhos de mesa,Moldávia,5832.0,8965.0,2020
Vinhos de mesa,Montenegro,,,2020
Vinhos de mesa,Noruega,,,2020
Vinhos de mesa,Nova Zelândia,15372.0,89763.0,2020
Vinhos de mesa,Países Baixos (Holanda),2285.0,22990.0,2020
Vinhos de mesa,Panamá,,,2020
Vinhos de mesa,Paraguai,,,2020
Vinhos de mesa,Peru,,,2020
Vinhos de mesa,Porto Rico,54.0,1090.0,2020
Vinhos de mesa,Portugal,23627260.0,66353572.0,2020
Vinhos de mesa,Reino Unido,2586.0,22935.0,2020
Vinhos de mesa,Republica Dominicana,,,2020
Vinhos de mesa,Romênia,30635.0,70269.0,2020
Vinhos de mesa,Rússia,,,2020
Vinhos de mesa,San Marino,,,2020
Vinhos de mesa,Sérvia,,,2020
Vinhos de mesa,Síria,,,2020
Vinhos de mesa,Suazilândia,,,2020
Vinhos de mesa,Suíça,735.0,5848.0,2020
Vinhos de mesa,"Tcheca, República",,,2020
Vinhos de mesa,Tunísia,,,2020
Vinhos de mesa,Turquia,17563.0,55039.0,2020
Vinhos de mesa,Ucrânia,,,2020
Vinhos de mesa,Uruguai,4079076.0,10146829.0,2020
Vinhos de mesa,Não consta na tabela,,,2020
Vinhos de mesa,Não declarados,,,2020
Vinhos de mesa,Outros,,,2020
Vinhos de mesa,Total,147135137.0,402693184.0,2020
Espumantes,Africa do Sul,3574.0,14542.0,2020
Espumantes,Alemanha,21174.0,65359.0,2020
Espumantes,Argentina,469547.0,1304986.0,2020
Espumantes,Austrália,7426.0,15190.0,2020
Espumantes,Áustria,909.0,9399.0,2020
Espumantes,Bermudas,,,2020
Espumantes,Bahamas,,,2020
Espumantes,Bélgica,,,2020
Espumantes,Brasil,3491.0,106310.0,2020
Espumantes,Bulgária,,,2020
Espumantes,Canada,,,2020
Espumantes,Chile,253225.0,775535.0,2020
Espumantes,Croácia,,,2020
Espumantes,Cuba,,,2020
Espumantes,Emirados Árabes Unidos,,,2020
Espumantes,Eslovênia,68.0,327.0,2020
Espumantes,Espanha,1421655.0,3871128.0,2020
Espumantes,Estados Unidos,13255.0,31083.0,2020
Espumantes,França,1116188.0,8814571.0,2020
Espumantes,Geórgia,,,2020
Espumantes,Granada,,,2020
Espumantes,Grécia,,,2020
Espumantes,Hong Kong,72.0,5061.0,2020
Espumantes,Hungria,765.0,2061.0,2020
Espumantes,Indonésia,,,2020
Espumantes,Irlanda,,,2020
Espumantes,Israel,296.0,9540.0,2020
Espumantes,Itália,1524542.0,3544718.0,2020
Espumantes,Japão,,,2020
Espumantes,Luxemburgo,,,2020
Espumantes,México,,,2020
Espumantes,Moldávia,,,2020
Espumantes,Nova Zelândia,,,2020
Espumantes,Países Baixos,3412.0,151690.0,2020
Espumantes,Panamá,,,2020
Espumantes,Peru,,,2020
Espumantes,Portugal,102324.0,324099.0,2020
Espumantes,Reino Unido,2309.0,17975.0,2020
Espumantes,Romênia,,,2020
Espumantes,Suíça,481.0,15222.0,2020
Espumantes,Tunísia,,,2020
Espumantes,Ucrânia,,,2020
Espumantes,Uruguai,2908.0,18124.0,2020
Espumantes,Não consta na tabela,,,2020
Espumantes,Não declarados,,,2020
Espumantes,Outros,,,2020
Espumantes,Total,4947621.0,19096920.0,2020
Uvas frescas,Argélia,21746.0,34476.0,2020
Uvas frescas,Argentina,1798220.0,2559671.0,2020
Uvas frescas,Brasil,,,2020
Uvas frescas,Chile,4943446.0,6986630.0,2020
Uvas frescas,Colômbia,,,2020
Uvas frescas,Egito,,,2020
Uvas frescas,Espanha,,,2020
Uvas frescas,Estados Unidos,,,2020
Uvas frescas,Grécia,,,2020
Uvas frescas,Itália,,,2020
Uvas frescas,México,,,2020
Uvas frescas,Peru,487080.0,852856.0,2020
Uvas frescas,Paraguai,,,2020
Uvas frescas,Portugal,,,2020
Uvas frescas,Panamá,,,2020
Uvas frescas,Reino Unido,,,2020
Uvas frescas,Uruguai,,,2020
Uvas frescas,Venezuela,,,2020
Uvas frescas,Não consta na tabela,,,2020
Uvas frescas,Outros,,,2020
Uvas frescas,Total,7250492.0,10433633.0,2020
Uvas passas,Afeganistão,,,2020
Uvas passas,África do Sul,616688.0,1433381.0,2020
Uvas passas,"Alemanha, República Democrática",,,2020
Uvas passas,Arábia Saudita,,,2020
Uvas passas,Argentina,24992502.0,36743996.0,2020
Uvas passas,Austrália,,,2020
Uvas passas,Bélgica,,,2020
Uvas passas,Chile,286774.0,567197.0,2020
Uvas passas,China,172000.0,178472.0,2020
Uvas passas,China Continental,,,2020
Uvas passas,Cingapura,,,2020
Uvas passas,Costa Rica,,,2020
Uvas passas,Emirados,,,2020
Uvas passas,Egito,,,2020
Uvas passas,Espanha,,,2020
Uvas passas,Estados Unidos,105360.0,266627.0,2020
Uvas passas,França,,,2020
Uvas passas,Grécia,,,2020
Uvas passas,Guiana Britânica,,,2020
Uvas passas,Índia,883000.0,813317.0,2020
Uvas passas,Irã,435600.0,927189.0,2020
Uvas passas,Itália,,,2020
Uvas passas,Japão,,,2020
Uvas passas,México,,,2020
Uvas passas,Países Baixos,,,2020
Uvas passas,Paraguai,,,2020
Uvas passas,Peru,,,2020
Uvas passas,Portugal,,,2020
Uvas passas,Reino Unido,,,2020
Uvas passas,Suécia,,,2020
Uvas passas,Turquia,607780.0,1210554.0,2020
Uvas passas,Uruguai,25000.0,35866.0,2020
Uvas passas,Uzbequistão,397030.0,450389.0,2020
Uvas passas,Venezuela,,,2020
Uvas passas,Não consta na tabela,,,2020
Uvas passas,Outros,,,2020
Uvas passas,Total,28521734.0,42626988.0,2020
Suco de uva,Africa do Sul,,,2020
Suco de uva,Alemanha,,,2020
Suco de uva,Argentina,,,2020
Suco de uva,Austria,,,2020
Suco de uva,Canadá,,,2020
Suco de uva,"Coreia do Sul, República",,,2020
Suco de uva,"Coreia do Norte, República",,,2020
Suco de uva,Chile,,,2020
Suco de uva,China,,,2020
Suco de uva,Dinamarca,,,2020
Suco de uva,Espanha,,,2020
Suco de uva,Estados Unidos,28180.0,25418.0,2020
Suco de uva,França,,,2020
Suco de uva,Guiana,,,2020
Suco de uva,Israel,,,2020
Suco de uva,itália,,,2020
Suco de uva,Japão,,,2020
Suco de uva,Líbano,,,2020
Suco de uva,México,,,2020
Suco de uva,Países Baixos,,,2020
Suco de uva,Panamá,,,2020
Suco de uva,Peru,,,2020
Suco de uva,Portugal,,,2020
Suco de uva,Reino Unido,,,2020
Suco de uva,Taiwan,,,2020
Suco de uva,Turquia,,,2020
Suco de uva,Uruguai,,,2020
Suco de uva,Venezuela,,,2020
Suco de uva,Outros,,,2020
Suco de uva,Total,28180.0,25418.0,2020
Vinhos de mesa,Africa do Sul,859169.0,2508140.0,2021
Vinhos de mesa,Alemanha,106541.0,546967.0,2021
Vinhos de mesa,Argélia,,,2021
Vinhos de mesa,Arábia Saudita,2510.0,8761.0,2021
Vinhos de mesa,Argentina,26869241.0,79527959.0,2021
Vinhos de mesa,Armênia,,,2021
Vinhos de mesa,Austrália,366875.0,1383093.0,2021
Vinhos de mesa,Áustria,13427.0,141822.0,2021
Vinhos de mesa,Bermudas,10.0,141.0,2021
Vinhos de mesa,Bélgica,,,2021
Vinhos de mesa,Bolívia,,,2021
Vinhos de mesa,Bósnia-Herzegovina,,,2021
Vinhos de mesa,Brasil,12602.0,39816.0,2021
Vinhos de mesa,Bulgária,34185.0,105623.0,2021
Vinhos de mesa,Canada,,,2021
Vinhos de mesa,Chile,69617587.0,182568098.0,2021
Vinhos de mesa,China,,,2021
Vinhos de mesa,"Coreia do Sul, República",,,2021
Vinhos de mesa,Croácia,17343.0,78954.0,2021
Vinhos de mesa,Cuba,,,2021
Vinhos de mesa,Emirados Árabes Unidos,,,2021
Vinhos de mesa,Eslovênia,42944.0,172141.0,2021
Vinhos de mesa,Eslováquia,,,2021
Vinhos de mesa,Espanha,8793911.0,23795616.0,2021
Vinhos de mesa,Estados Unidos,506405.0,2809649.0,2021
Vinhos de mesa,França,6241310.0,31428188.0,2021
Vinhos de mesa,Geórgia,19188.0,32901.0,2021
Vinhos de mesa,"Geórgia do Sul e Sandwich do Sul, Ilhas",1838.0,2915.0,2021
Vinhos de mesa,Grécia,13619.0,55228.0,2021
Vinhos de mesa,Hong Kong,,,2021
Vinhos de mesa,Hungria,20174.0,160816.0,2021
Vinhos de mesa,Indonésia,,,2021
Vinhos de mesa,Irlanda,,,2021
Vinhos de mesa,Israel,60281.0,298732.0,2021
Vinhos de mesa,Itália,11231625.0,39852162.0,2021
Vinhos de mesa,Japão,,,2021
Vinhos de mesa,Iugoslávia,,,2021
Vinhos de mesa,Líbano,24194.0,78872.0,2021
Vinhos de mesa,Luxemburgo,,,2021
Vinhos de mesa,Macedônia,,,2021
Vinhos de mesa,Marrocos,986.0,6958.0,2021
Vinhos de mesa,México,4.0,19.0,2021
Vinhos de mesa,Moldávia,25998.0,66480.0,2021
Vinhos de mesa,Montenegro,,,2021
Vinhos de mesa,Noruega,,,2021
Vinhos de mesa,Nova Zelândia,21995.0,137547.0,2021
Vinhos de mesa,Países Baixos (Holanda),,,2021
Vinhos de mesa,Panamá,,,2021
Vinhos de mesa,Paraguai,,,2021
Vinhos de mesa,Peru,,,2021
Vinhos de mesa,Porto Rico,,,2021
Vinhos de mesa,Portugal,25925363.0,75668823.0,2021
Vinhos de mesa,Reino Unido,1164.0,9357.0,2021
Vinhos de mesa,Republica Dominicana,,,2021
Vinhos de mesa,Romênia,33770.0,99562.0,2021
Vinhos de mesa,Rússia,32179.0,64905.0,2021
Vinhos de mesa,San Marino,1095.0,2237.0,2021
Vinhos de mesa,Sérvia,3471.0,8302.0,2021
Vinhos de mesa,Síria,484.0,1280.0,2021
Vinhos de mesa,Suazilândia,,,2021
Vinhos de mesa,Suíça,7.0,157.0,2021
Vinhos de mesa,"Tcheca, República",225.0,5528.0,2021
Vinhos de mesa,Tunísia,,,2021
Vinhos de mesa,Turquia,,,2021
Vinhos de mesa,Ucrânia,,,2021
Vinhos de mesa,Uruguai,3788831.0,10063341.0,2021
Vinhos de mesa,Não consta na tabela,,,2021
Vinhos de mesa,Não declarados,,,2021
Vinhos de mesa,Outros,,,2021
Vinhos de mesa,Total,154690551.0,451731090.0,2021
Espumantes,Africa do Sul,6980.0,36677.0,2021
Espumantes,Alemanha,19977.0,46237.0,2021
Espumantes,Argentina,723847.0,2211657.0,2021
Espumantes,Austrália,8062.0,26208.0,2021
Espumantes,Áustria,90.0,1434.0,2021
Espumantes,Bermudas,70.0,611.0,2021
Espumantes,Bahamas,,,2021
Espumantes,Bélgica,,,2021
Espumantes,Brasil,548.0,3488.0,2021
Espumantes,Bulgária,,,2021
Espumantes,Canada,,,2021
Espumantes,Chile,232948.0,686466.0,2021
Espumantes,Croácia,,,2021
Espumantes,Cuba,,,2021
Espumantes,Emirados Árabes Unidos,,,2021
Espumantes,Eslovênia,450.0,2426.0,2021
Espumantes,Espanha,2016806.0,5732174.0,2021
Espumantes,Estados Unidos,143.0,2173.0,2021
Espumantes,França,1134059.0,12590570.0,2021
Espumantes,Geórgia,,,2021
Espumantes,Granada,,,2021
Espumantes,Grécia,92.0,422.0,2021
Espumantes,Hong Kong,,,2021
Espumantes,Hungria,1142.0,2471.0,2021
Espumantes,Indonésia,,,2021
Espumantes,Irlanda,,,2021
Espumantes,Israel,,,2021
Espumantes,Itália,1093108.0,3142129.0,2021
Espumantes,Japão,,,2021
Espumantes,Luxemburgo,,,2021
Espumantes,México,,,2021
Espumantes,Moldávia,,,2021
Espumantes,Nova Zelândia,,,2021
Espumantes,Países Baixos,,,2021
Espumantes,Panamá,,,2021
Espumantes,Peru,,,2021
Espumantes,Portugal,65238.0,277677.0,2021
Espumantes,Reino Unido,254.0,3016.0,2021
Espumantes,Romênia,432.0,2271.0,2021
Espumantes,Suíça,66.0,376.0,2021
Espumantes,Tunísia,,,2021
Espumantes,Ucrânia,,,2021
Espumantes,Uruguai,8947.0,47217.0,2021
Espumantes,Não consta na tabela,,,2021
Espumantes,Não declarados,,,2021
Espumantes,Outros,,,2021
Espumantes,Total,5313259.0,24815700.0,2021
Uvas frescas,Argélia,,,2021
Uvas frescas,Argentina,1356735.0,1696659.0,2021
Uvas frescas,Brasil,,,2021
Uvas frescas,Chile,3888723.0,5404163.0,2021
Uvas frescas,Colômbia,,,2021
Uvas frescas,Egito,,,2021
Uvas frescas,Espanha,,,2021
Uvas frescas,Estados Unidos,,,2021
Uvas frescas,Grécia,,,2021
Uvas frescas,Itália,,,2021
Uvas frescas,México,,,2021
Uvas frescas,Peru,75768.0,151819.0,2021
Uvas frescas,Paraguai,,,2021
Uvas frescas,Portugal,,,2021
Uvas frescas,Panamá,,,2021
Uvas frescas,Reino Unido,,,2021
Uvas frescas,Uruguai,,,2021
Uvas frescas,Venezuela,,,2021
Uvas frescas,Não consta na tabela,,,2021
Uvas frescas,Outros,,,2021
Uvas frescas,Total,5321226.0,7252641.0,2021
Uvas passas,Afeganistão,0.0,484.0,2021
Uvas passas,África do Sul,327000.0,531327.0,2021
Uvas passas,"Alemanha, República Democrática",,,2021
Uvas passas,Arábia Saudita,,,2021
Uvas passas,Argentina,24015825.0,33337604.0,2021
Uvas passas,Austrália,,,2021
Uvas passas,Bélgica,,,2021
Uvas passas,Chile,225630.0,462855.0,2021
Uvas passas,China,110.0,76.0,2021
Uvas passas,China Continental,,,2021
Uvas passas,Cingapura,,,2021
Uvas passas,Costa Rica,,,2021
Uvas passas,Emirados,,,2021
Uvas passas,Egito,,,2021
Uvas passas,Espanha,,,2021
Uvas passas,Estados Unidos,109043.0,325880.0,2021
Uvas passas,França,,,2021
Uvas passas,Grécia,,,2021
Uvas passas,Guiana Britânica,,,2021
Uvas passas,Índia,577250.0,504532.0,2021
Uvas passas,Irã,514700.0,843794.0,2021
Uvas passas,Itália,,,2021
Uvas passas,Japão,,,2021
Uvas passas,México,,,2021
Uvas passas,Países Baixos,,,2021
Uvas passas,Paraguai,,,2021
Uvas passas,Peru,,,2021
Uvas passas,Portugal,,,2021
Uvas passas,Reino Unido,,,2021
Uvas passas,Suécia,,,2021
Uvas passas,Turquia,186000.0,311165.0,2021
Uvas passas,Uruguai,,,2021
Uvas passas,Uzbequistão,,,2021
Uvas passas,Venezuela,,,2021
Uvas passas,Não consta na tabela,,,2021
Uvas passas,Outros,,,2021
Uvas passas,Total,25955558.0,36317717.0,2021
Suco de uva,Africa do Sul,,,2021
Suco de uva,Alemanha,,,2021
Suco de uva,Argentina,,,2021
Suco de uva,Austria,,,2021
Suco de uva,Canadá,,,2021
Suco de uva,"Coreia do Sul, República",,,2021
Suco de uva,"Coreia do Norte, República",,,2021
Suco de uva,Chile,,,2021
Suco de uva,China,,,2021
Suco de uva,Dinamarca,,,2021
Suco de uva,Espanha,,,2021
Suco de uva,Estados Unidos,3870.0,3551.0,2021
Suco de uva,França,,,2021
Suco de uva,Guiana,,,2021
Suco de uva,Israel,720.0,969.0,2021
Suco de uva,itália,,,2021
Suco de uva,Japão,,,2021
Suco de uva,Líbano,,,2021
Suco de uva,México,,,2021
Suco de uva,Países Baixos,,,2021
Suco de uva,Panamá,,,2021
Suco de uva,Peru,,,2021
Suco de uva,Portugal,,,2021
Suco de uva,Reino Unido,,,2021
Suco de uva,Taiwan,,,2021
Suco de uva,Turquia,,,2021
Suco de uva,Uruguai,,,2021
Suco de uva,Venezuela,,,2021
Suco de uva,Outros,,,2021
Suco de uva,Total,4590.0,4520.0,2021
Vinhos de mesa,Africa do Sul,738116.0,2266827.0,2022
Vinhos de mesa,Alemanha,92600.0,438595.0,2022
Vinhos de mesa,Argélia,,,2022
Vinhos de mesa,Arábia Saudita,,,2022
Vinhos de mesa,Argentina,27980574.0,87519642.0,2022
Vinhos de mesa,Armênia,2385.0,13668.0,2022
Vinhos de mesa,Austrália,579279.0,1590059.0,2022
Vinhos de mesa,Áustria,7403.0,53974.0,2022
Vinhos de mesa,Bermudas,1.0,4.0,2022
Vinhos de mesa,Bélgica,,,2022
Vinhos de mesa,Bolívia,,,2022
Vinhos de mesa,Bósnia-Herzegovina,,,2022
Vinhos de mesa,Brasil,1.0,5.0,2022
Vinhos de mesa,Bulgária,29929.0,43221.0,2022
Vinhos de mesa,Canada,884.0,11607.0,2022
Vinhos de mesa,Chile,68881232.0,184335335.0,2022
Vinhos de mesa,China,,,2022
Vinhos de mesa,"Coreia do Sul, República",,,2022
Vinhos de mesa,Croácia,887.0,35563.0,2022
Vinhos de mesa,Cuba,,,2022
Vinhos de mesa,Emirados Árabes Unidos,,,2022
Vinhos de mesa,Eslovênia,31509.0,127726.0,2022
Vinhos de mesa,Eslováquia,,,2022
Vinhos de mesa,Espanha,6487047.0,17187749.0,2022
Vinhos de mesa,Estados Unidos,393211.0,3023220.0,2022
Vinhos de mesa,França,4911903.0,25955232.0,2022
Vinhos de mesa,Geórgia,12506.0,26983.0,2022
Vinhos de mesa,"Geórgia do Sul e Sandwich do Sul, Ilhas",1788.0,2797.0,2022
Vinhos de mesa,Grécia,45440.0,148515.0,2022
Vinhos de mesa,Hong Kong,,,2022
Vinhos de mesa,Hungria,29260.0,160168.0,2022
Vinhos de mesa,Indonésia,,,2022
Vinhos de mesa,Irlanda,,,2022
Vinhos de mesa,Israel,19589.0,82489.0,2022
Vinhos de mesa,Itália,9622119.0,33330465.0,2022
Vinhos de mesa,Japão,,,2022
Vinhos de mesa,Iugoslávia,,,2022
Vinhos de mesa,Líbano,30149.0,182548.0,2022
Vinhos de mesa,Luxemburgo,,,2022
Vinhos de mesa,Macedônia,,,2022
Vinhos de mesa,Marrocos,13932.0,46497.0,2022
Vinhos de mesa,México,,,2022
Vinhos de mesa,Moldávia,38336.0,70282.0,2022
Vinhos de mesa,Montenegro,,,2022
Vinhos de mesa,Noruega,,,2022
Vinhos de mesa,Nova Zelândia,52265.0,403597.0,2022
Vinhos de mesa,Países Baixos (Holanda),,,2022
Vinhos de mesa,Panamá,,,2022
Vinhos de mesa,Paraguai,,,2022
Vinhos de mesa,Peru,17861.0,84084.0,2022
Vinhos de mesa,Porto Rico,,,2022
Vinhos de mesa,Portugal,24108787.0,64795326.0,2022
Vinhos de mesa,Reino Unido,1655.0,19595.0,2022
Vinhos de mesa,Republica Dominicana,,,2022
Vinhos de mesa,Romênia,47715.0,99616.0,2022
Vinhos de mesa,Rússia,,,2022
Vinhos de mesa,San Marino,,,2022
Vinhos de mesa,Sérvia,,,2022
Vinhos de mesa,Síria,1094.0,5187.0,2022
Vinhos de mesa,Suazilândia,,,2022
Vinhos de mesa,Suíça,,,2022
Vinhos de mesa,"Tcheca, República",4950.0,12044.0,2022
Vinhos de mesa,Tunísia,,,2022
Vinhos de mesa,Turquia,22087.0,38817.0,2022
Vinhos de mesa,Ucrânia,,,2022
Vinhos de mesa,Uruguai,3394161.0,9867675.0,2022
Vinhos de mesa,Não consta na tabela,,,2022
Vinhos de mesa,Não declarados,,,2022
Vinhos de mesa,Outros,,,2022
Vinhos de mesa,Total,147600655.0,431979112.0,2022
Espumantes,Africa do Sul,9882.0,64582.0,2022
Espumantes,Alemanha,12447.0,26877.0,2022
Espumantes,Argentina,1333420.0,4123623.0,2022
Espumantes,Austrália,,,2022
Espumantes,Áustria,,,2022
Espumantes,Bermudas,5.0,67.0,2022
Espumantes,Bahamas,,,2022
Espumantes,Bélgica,,,2022
Espumantes,Brasil,,,2022
Espumantes,Bulgária,976.0,1535.0,2022
Espumantes,Canada,54.0,1017.0,2022
Espumantes,Chile,342625.0,959421.0,2022
Espumantes,Croácia,,,2022
Espumantes,Cuba,,,2022
Espumantes,Emirados Árabes Unidos,,,2022
Espumantes,Eslovênia,803.0,2982.0,2022
Espumantes,Espanha,2236061.0,5668798.0,2022
Espumantes,Estados Unidos,181.0,2053.0,2022
Espumantes,França,1268840.0,13164535.0,2022
Espumantes,Geórgia,915.0,2325.0,2022
Espumantes,Granada,,,2022
Espumantes,Grécia,92.0,366.0,2022
Espumantes,Hong Kong,,,2022
Espumantes,Hungria,2090.0,3828.0,2022
Espumantes,Indonésia,,,2022
Espumantes,Irlanda,,,2022
Espumantes,Israel,,,2022
Espumantes,Itália,1169909.0,3356633.0,2022
Espumantes,Japão,,,2022
Espumantes,Luxemburgo,,,2022
Espumantes,México,,,2022
Espumantes,Moldávia,2892.0,3713.0,2022
Espumantes,Nova Zelândia,270.0,3114.0,2022
Espumantes,Países Baixos,,,2022
Espumantes,Panamá,,,2022
Espumantes,Peru,,,2022
Espumantes,Portugal,103443.0,391952.0,2022
Espumantes,Reino Unido,,,2022
Espumantes,Romênia,1914.0,5007.0,2022
Espumantes,Suíça,,,2022
Espumantes,Tunísia,,,2022
Espumantes,Ucrânia,1330.0,1616.0,2022
Espumantes,Uruguai,1206.0,5579.0,2022
Espumantes,Não consta na tabela,,,2022
Espumantes,Não declarados,,,2022
Espumantes,Outros,,,2022
Espumantes,Total,6489355.0,27789623.0,2022
Uvas frescas,Argélia,,,2022
Uvas frescas,Argentina,771187.0,1053519.0,2022
Uvas frescas,Brasil,,,2022
Uvas frescas,Chile,6536258.0,9640996.0,2022
Uvas frescas,Colômbia,,,2022
Uvas frescas,Egito,27760.0,53709.0,2022
Uvas frescas,Espanha,,,2022
Uvas frescas,Estados Unidos,,,2022
Uvas frescas,Grécia,,,2022
Uvas frescas,Itália,,,2022
Uvas frescas,México,414622.0,902301.0,2022
Uvas frescas,Peru,,,2022
Uvas frescas,Paraguai,,,2022
Uvas frescas,Portugal,,,2022
Uvas frescas,Panamá,,,2022
Uvas frescas,Reino Unido,,,2022
Uvas frescas,Uruguai,,,2022
Uvas frescas,Venezuela,,,2022
Uvas frescas,Não consta na tabela,,,2022
Uvas frescas,Outros,,,2022
Uvas frescas,Total,7749827.0,11650525.0,2022
Uvas passas,Afeganistão,,,2022
Uvas passas,África do Sul,657826.0,1266633.0,2022
Uvas passas,"Alemanha, República Democrática",,,2022
Uvas passas,Arábia Saudita,,,2022
Uvas passas,Argentina,20829418.0,35659325.0,2022
Uvas passas,Austrália,,,2022
Uvas passas,Bélgica,,,2022
Uvas passas,Chile,3584100.0,5524707.0,2022
Uvas passas,China,,,2022
Uvas passas,China Continental,,,2022
Uvas passas,Cingapura,,,2022
Uvas passas,Costa Rica,49000.0,95550.0,2022
Uvas passas,Emirados,,,2022
Uvas passas,Egito,,,2022
Uvas passas,Espanha,,,2022
Uvas passas,Estados Unidos,115517.0,380380.0,2022
Uvas passas,França,,,2022
Uvas passas,Grécia,,,2022
Uvas passas,Guiana Britânica,,,2022
Uvas passas,Índia,2767840.0,2568914.0,2022
Uvas passas,Irã,403000.0,948438.0,2022
Uvas passas,Itália,,,2022
Uvas passas,Japão,,,2022
Uvas passas,México,,,2022
Uvas passas,Países Baixos,,,2022
Uvas passas,Paraguai,,,2022
Uvas passas,Peru,,,2022
Uvas passas,Portugal,,,2022
Uvas passas,Reino Unido,,,2022
Uvas passas,Suécia,,,2022
Uvas passas,Turquia,1477000.0,2602207.0,2022
Uvas passas,Uruguai,,,2022
Uvas passas,Uzbequistão,132000.0,165492.0,2022
Uvas passas,Venezuela,,,2022
Uvas passas,Não consta na tabela,,,2022
Uvas passas,Outros,,,2022
Uvas passas,Total,30015701.0,49211646.0,2022
Suco de uva,Africa do Sul,,,2022
Suco de uva,Alemanha,,,2022
Suco de uva,Argentina,,,2022
Suco de uva,Austria,,,2022
Suco de uva,Canadá,,,2022
Suco de uva,"Coreia do Sul, República",,,2022
Suco de uva,"Coreia do Norte, República",,,2022
Suco de uva,Chile,,,2022
Suco de uva,China,,,2022
Suco de uva,Dinamarca,,,2022
Suco de uva,Espanha,,,2022
Suco de uva,Estados Unidos,29414.0,16781.0,2022
Suco de uva,França,,,2022
Suco de uva,Guiana,,,2022
Suco de uva,Israel,,,2022
Suco de uva,itália,,,2022
Suco de uva,Japão,,,2022
Suco de uva,Líbano,,,2022
Suco de uva,México,,,2022
Suco de uva,Países Baixos,,,2022
Suco de uva,Panamá,,,2022
Suco de uva,Peru,,,2022
Suco de uva,Portugal,,,2022
Suco de uva,Reino Unido,,,2022
Suco de uva,Taiwan,,,2022
Suco de uva,Turquia,,,2022
Suco de uva,Uruguai,,,2022
Suco de uva,Venezuela,,,2022
Suco de uva,Outros,,,2022
Suco de uva,Total,29414.0,16781.0,2022
Vinhos de mesa,Africa do Sul,522733.0,1732850.0,2023
Vinhos de mesa,Alemanha,102456.0,557947.0,2023
Vinhos de mesa,Argélia,,,2023
Vinhos de mesa,Arábia Saudita,8.0,161.0,2023
Vinhos de mesa,Argentina,25276991.0,83918138.0,2023
Vinhos de mesa,Armênia,3542.0,24336.0,2023
Vinhos de mesa,Austrália,432829.0,1568550.0,2023
Vinhos de mesa,Áustria,16832.0,145475.0,2023
Vinhos de mesa,Bermudas,6.0,879.0,2023
Vinhos de mesa,Bélgica,,,2023
Vinhos de mesa,Bolívia,1170.0,10920.0,2023
Vinhos de mesa,Bósnia-Herzegovina,,,2023
Vinhos de mesa,Brasil,6229.0,76894.0,2023
Vinhos de mesa,Bulgária,40281.0,95232.0,2023
Vinhos de mesa,Canada,14.0,1062.0,2023
Vinhos de mesa,Chile,62358765.0,170146247.0,2023
Vinhos de mesa,China,,,2023
Vinhos de mesa,"Coreia do Sul, República",,,2023
Vinhos de mesa,Croácia,1107.0,9160.0,2023
Vinhos de mesa,Cuba,8.0,261.0,2023
Vinhos de mesa,Emirados Árabes Unidos,,,2023
Vinhos de mesa,Eslovênia,28806.0,124283.0,2023
Vinhos de mesa,Eslováquia,,,2023
Vinhos de mesa,Espanha,6591628.0,20097228.0,2023
Vinhos de mesa,Estados Unidos,244276.0,1775713.0,2023
Vinhos de mesa,França,4899631.0,30421272.0,2023
Vinhos de mesa,Geórgia,17173.0,29084.0,2023
Vinhos de mesa,"Geórgia do Sul e Sandwich do Sul, Ilhas",,,2023
Vinhos de mesa,Grécia,45889.0,147724.0,2023
Vinhos de mesa,Hong Kong,,,2023
Vinhos de mesa,Hungria,41905.0,316481.0,2023
Vinhos de mesa,Indonésia,,,2023
Vinhos de mesa,Irlanda,,,2023
Vinhos de mesa,Israel,48772.0,259405.0,2023
Vinhos de mesa,Itália,8868133.0,34760596.0,2023
Vinhos de mesa,Japão,86.0,3427.0,2023
Vinhos de mesa,Iugoslávia,,,2023
Vinhos de mesa,Líbano,14328.0,106610.0,2023
Vinhos de mesa,Luxemburgo,,,2023
Vinhos de mesa,Macedônia,8522.0,17172.0,2023
Vinhos de mesa,Marrocos,603.0,2349.0,2023
Vinhos de mesa,México,,,2023
Vinhos de mesa,Moldávia,51189.0,138741.0,2023
Vinhos de mesa,Montenegro,,,2023
Vinhos de mesa,Noruega,,,2023
Vinhos de mesa,Nova Zelândia,28665.0,254138.0,2023
Vinhos de mesa,Países Baixos (Holanda),9.0,354.0,2023
Vinhos de mesa,Panamá,,,2023
Vinhos de mesa,Paraguai,,,2023
Vinhos de mesa,Peru,12276.0,58862.0,2023
Vinhos de mesa,Porto Rico,2021.0,4481.0,2023
Vinhos de mesa,Portugal,25099409.0,71970948.0,2023
Vinhos de mesa,Reino Unido,1808.0,32757.0,2023
Vinhos de mesa,Republica Dominicana,,,2023
Vinhos de mesa,Romênia,36775.0,98835.0,2023
Vinhos de mesa,Rússia,,,2023
Vinhos de mesa,San Marino,,,2023
Vinhos de mesa,Sérvia,,,2023
Vinhos de mesa,Síria,,,2023
Vinhos de mesa,Suazilândia,320.0,6968.0,2023
Vinhos de mesa,Suíça,2109.0,101111.0,2023
Vinhos de mesa,"Tcheca, República",,,2023
Vinhos de mesa,Tunísia,,,2023
Vinhos de mesa,Turquia,,,2023
Vinhos de mesa,Ucrânia,,,2023
Vinhos de mesa,Uruguai,2905567.0,9276001.0,2023
Vinhos de mesa,Não consta na tabela,,,2023
Vinhos de mesa,Não declarados,,,2023
Vinhos de mesa,Outros,,,2023
Vinhos de mesa,Total,137712871.0,428292652.0,2023
Espumantes,Africa do Sul,7650.0,69382.0,2023
Espumantes,Alemanha,322.0,5111.0,2023
Espumantes,Argentina,839006.0,2765843.0,2023
Espumantes,Austrália,3150.0,10474.0,2023
Espumantes,Áustria,882.0,8833.0,2023
Espumantes,Bermudas,3.0,54.0,2023
Espumantes,Bahamas,,,2023
Espumantes,Bélgica,,,2023
Espumantes,Brasil,7.0,184.0,2023
Espumantes,Bulgária,,,2023
Espumantes,Canada,23.0,279.0,2023
Espumantes,Chile,592991.0,1952709.0,2023
Espumantes,Croácia,,,2023
Espumantes,Cuba,,,2023
Espumantes,Emirados Árabes Unidos,,,2023
Espumantes,Eslovênia,,,2023
Espumantes,Espanha,3438264.0,9801916.0,2023
Espumantes,Estados Unidos,259.0,10273.0,2023
Espumantes,França,1401753.0,20166147.0,2023
Espumantes,Geórgia,,,2023
Espumantes,Granada,2.0,40.0,2023
Espumantes,Grécia,300.0,1757.0,2023
Espumantes,Hong Kong,,,2023
Espumantes,Hungria,,,2023
Espumantes,Indonésia,,,2023
Espumantes,Irlanda,,,2023
Espumantes,Israel,,,2023
Espumantes,Itália,952639.0,3533749.0,2023
Espumantes,Japão,,,2023
Espumantes,Luxemburgo,,,2023
Espumantes,México,,,2023
Espumantes,Moldávia,955.0,1165.0,2023
Espumantes,Nova Zelândia,,,2023
Espumantes,Países Baixos,,,2023
Espumantes,Panamá,,,2023
Espumantes,Peru,,,2023
Espumantes,Portugal,95326.0,386265.0,2023
Espumantes,Reino Unido,1507.0,28581.0,2023
Espumantes,Romênia,743.0,3841.0,2023
Espumantes,Suíça,464.0,34430.0,2023
Espumantes,Tunísia,,,2023
Espumantes,Ucrânia,,,2023
Espumantes,Uruguai,10814.0,45704.0,2023
Espumantes,Não consta na tabela,,,2023
Espumantes,Não declarados,,,2023
Espumantes,Outros,,,2023
Espumantes,Total,7347060.0,38826737.0,2023
Uvas frescas,Argélia,,,2023
Uvas frescas,Argentina,400781.0,525034.0,2023
Uvas frescas,Brasil,,,2023
Uvas frescas,Chile,6144949.0,9738753.0,2023
Uvas frescas,Colômbia,,,2023
Uvas frescas,Egito,,,2023
Uvas frescas,Espanha,,,2023
Uvas frescas,Estados Unidos,,,2023
Uvas frescas,Grécia,,,2023
Uvas frescas,Itália,,,2023
Uvas frescas,México,,,2023
Uvas frescas,Peru,1086032.0,2635488.0,2023
Uvas frescas,Paraguai,,,2023
Uvas frescas,Portugal,,,2023
Uvas frescas,Panamá,,,2023
Uvas frescas,Reino Unido,,,2023
Uvas frescas,Uruguai,,,2023
Uvas frescas,Venezuela,,,2023
Uvas frescas,Não consta na tabela,,,2023
Uvas frescas,Outros,,,2023
Uvas frescas,Total,7631762.0,12899275.0,2023
Uvas passas,Afeganistão,,,2023
Uvas passas,África do Sul,151500.0,397825.0,2023
Uvas passas,"Alemanha, República Democrática",,,2023
Uvas passas,Arábia Saudita,,,2023
Uvas passas,Argentina,19758017.0,36404746.0,2023
Uvas passas,Austrália,,,2023
Uvas passas,Bélgica,,,2023
Uvas passas,Chile,4411180.0,7107544.0,2023
Uvas passas,China,72000.0,111390.0,2023
Uvas passas,China Continental,,,2023
Uvas passas,Cingapura,,,2023
Uvas passas,Costa Rica,,,2023
Uvas passas,Emirados,,,2023
Uvas passas,Egito,,,2023
Uvas passas,Espanha,,,2023
Uvas passas,Estados Unidos,7578.0,58262.0,2023
Uvas passas,França,,,2023
Uvas passas,Grécia,,,2023
Uvas passas,Guiana Britânica,,,2023
Uvas passas,Índia,1293900.0,1379545.0,2023
Uvas passas,Irã,786500.0,1832934.0,2023
Uvas passas,Itália,,,2023
Uvas passas,Japão,,,2023
Uvas passas,México,,,2023
Uvas passas,Países Baixos,,,2023
Uvas passas,Paraguai,,,2023
Uvas passas,Peru,25000.0,40630.0,2023
Uvas passas,Portugal,,,2023
Uvas passas,Reino Unido,,,2023
Uvas passas,Suécia,,,2023
Uvas passas,Turquia,2621500.0,4152236.0,2023
Uvas passas,Uruguai,,,2023
Uvas passas,Uzbequistão,2045600.0,2433719.0,2023
Uvas passas,Venezuela,,,2023
Uvas passas,Não consta na tabela,,,2023
Uvas passas,Outros,,,2023
Uvas passas,Total,31172775.0,53918831.0,2023
Suco de uva,Africa do Sul,,,2023
Suco de uva,Alemanha,,,2023
Suco de uva,Argentina,,,2023
Suco de uva,Austria,,,2023
Suco de uva,Canadá,,,2023
Suco de uva,"Coreia do Sul, República",,,2023
Suco de uva,"Coreia do Norte, República",,,2023
Suco de uva,Chile,,,2023
Suco de uva,China,,,2023
Suco de uva,Dinamarca,,,2023
Suco de uva,Espanha,,,2023
Suco de uva,Estados Unidos,28627.0,15200.0,2023
Suco de uva,França,,,2023
Suco de uva,Guiana,,,2023
Suco de uva,Israel,,,2023
Suco de uva,itália,1836.0,1966.0,2023
Suco de uva,Japão,,,2023
Suco de uva,Líbano,,,2023
Suco de uva,México,,,2023
Suco de uva,Países Baixos,,,2023
Suco de uva,Panamá,,,2023
Suco de uva,Peru,,,2023
Suco de uva,Portugal,,,2023
Suco de uva,Reino Unido,,,2023
Suco de uva,Taiwan,,,2023
Suco de uva,Turquia,,,2023
Suco de uva,Uruguai,,,2023
Suco de uva,Venezuela,,,2023
Suco de uva,Outros,,,2023
Suco de uva,Total,30463.0,17166.0,2023
