Category,Product,Quantity (L.),Year
,VINHO DE MESA,217208604.0,1970
,Tinto,174224052.0,1970
,Branco,748400.0,1970
,Rosado,42236152.0,1970
,VINHO FINO DE MESA (VINIFERA),23899346.0,1970
,Tinto,7591557.0,1970
,Branco,15562889.0,1970
,Rosado,744900.0,1970
,SUCO,1097771.0,1970
,Suco de uva integral,1097771.0,1970
,Suco de uva concentrado,,1970
,Suco de uva adoçado,,1970
,Suco de uva orgânico,,1970
,Suco de uva reconstituído,,1970
,DERIVADOS,14164329.0,1970
,Espumante,,1970
,Espumante moscatel,,1970
,Base espumante,,1970
,Base espumante moscatel,,1970
,Base Champenoise champanha,,1970
,Base Charmat champanha,,1970
,Bebida de uva,,1970
,Polpa de uva,,1970
,Mosto simples,7170736.0,1970
,Mosto concentrado,,1970
,Mosto de uva com bagaço,,1970
,Mosto dessulfitado,,1970
,Mistelas,1072100.0,1970
,Néctar de uva,,1970
,Licorosos,282500.0,1970
,Compostos,,1970
,Jeropiga,,1970
,Filtrado,,1970
,Frisante,,1970
,Vinho leve,,1970
,Vinho licoroso,,1970
,Brandy,,1970
,Destilado,830030.0,1970
,Bagaceira,961290.0,1970
,Licor de bagaceira,,1970
,Vinagre,,1970
,Borra líquida,3847673.0,1970
,Borra seca,,1970
,Vinho Composto,,1970
,Pisco,,1970
,Vinho orgânico,,1970
,Espumante orgânico,,1970
,Destilado alcoólico simples de bagaceira,,1970
,Vinho acidificado,,1970
,Mosto parcialmente fermentado,,1970
,Outros derivados,,1970
Total,Total,256370050.0,1970
,VINHO DE MESA,154264651.0,1971
,Tinto,121133369.0,1971
,Branco,1160500.0,1971
,Rosado,31970782.0,1971
,VINHO FINO DE MESA (VINIFERA),23586062.0,1971
,Tinto,7265666.0,1971
,Branco,15655709.0,1971
,Rosado,664687.0,1971
,SUCO,2296654.0,1971
,Suco de uva integral,2296654.0,1971
,Suco de uva concentrado,,1971
,Suco de uva adoçado,,1971
,Suco de uva orgânico,,1971
,Suco de uva reconstituído,,1971
,DERIVADOS,13280518.0,1971
,Espumante,,1971
,Espumante moscatel,,1971
,Base espumante,,1971
,Base espumante moscatel,,1971
,Base Champenoise champanha,,1971
,Base Charmat champanha,,1971
,Bebida de uva,,1971
,Polpa de uva,,1971
,Mosto simples,7646774.0,1971
,Mosto concentrado,,1971
,Mosto de uva com bagaço,,1971
,Mosto dessulfitado,,1971
,Mistelas,818400.0,1971
,Néctar de uva,,1971
,Licorosos,270000.0,1971
,Compostos,45000.0,1971
,Jeropiga,,1971
,Filtrado,,1971
,Frisante,,1971
,Vinho leve,,1971
,Vinho licoroso,,1971
,Brandy,,1971
,Destilado,,1971
,Bagaceira,913200.0,1971
,Licor de bagaceira,,1971
,Vinagre,21500.0,1971
,Borra líquida,3565644.0,1971
,Borra seca,,1971
,Vinho Composto,,1971
,Pisco,,1971
,Vinho orgânico,,1971
,Espumante orgânico,,1971
,Destilado alcoólico simples de bagaceira,,1971
,Vinho acidificado,,1971
,Mosto parcialmente fermentado,,1971
,Outros derivados,,1971
Total,Total,193427885.0,1971
,VINHO DE MESA,146953297.0,1972
,Tinto,118180926.0,1972
,Branco,1812367.0,1972
,Rosado,26960004.0,1972
,VINHO FINO DE MESA (VINIFERA),21078771.0,1972
,Tinto,6782837.0,1972
,Branco,13289304.0,1972
,Rosado,1006630.0,1972
,SUCO,3509440.0,1972
,Suco de uva integral,3509440.0,1972
,Suco de uva concentrado,,1972
,Suco de uva adoçado,,1972
,Suco de uva orgânico,,1972
,Suco de uva reconstituído,,1972
,DERIVADOS,12314509.0,1972
,Espumante,,1972
,Espumante moscatel,,1972
,Base espumante,,1972
,Base espumante moscatel,,1972
,Base Champenoise champanha,,1972
,Base Charmat champanha,,1972
,Bebida de uva,,1972
,Polpa de uva,,1972
,Mosto simples,6051822.0,1972
,Mosto concentrado,,1972
,Mosto de uva com bagaço,,1972
,Mosto dessulfitado,,1972
,Mistelas,871200.0,1972
,Néctar de uva,,1972
,Licorosos,254600.0,1972
,Compostos,1358300.0,1972
,Jeropiga,,1972
,Filtrado,,1972
,Frisante,,1972
,Vinho leve,,1972
,Vinho licoroso,,1972
,Brandy,,1972
,Destilado,,1972
,Bagaceira,755350.0,1972
,Licor de bagaceira,,1972
,Vinagre,8200.0,1972
,Borra líquida,3015037.0,1972
,Borra seca,,1972
,Vinho Composto,,1972
,Pisco,,1972
,Vinho orgânico,,1972
,Espumante orgânico,,1972
,Destilado alcoólico simples de bagaceira,,1972
,Vinho acidificado,,1972
,Mosto parcialmente fermentado,,1972
,Outros derivados,,1972
Total,Total,183856017.0,1972
,VINHO DE MESA,116710345.0,1973
,Tinto,88589019.0,1973
,Branco,243900.0,1973
,Rosado,27877426.0,1973
,VINHO FINO DE MESA (VINIFERA),12368410.0,1973
,Tinto,3419625.0,1973
,Branco,7930070.0,1973
,Rosado,1018715.0,1973
,SUCO,,1973
,Suco de uva integral,,1973
,Suco de uva concentrado,,1973
,Suco de uva adoçado,,1973
,Suco de uva orgânico,,1973
,Suco de uva reconstituído,,1973
,DERIVADOS,28317919.0,1973
,Espumante,,1973
,Espumante moscatel,,1973
,Base espumante,,1973
,Base espumante moscatel,,1973
,Base Champenoise champanha,,1973
,Base Charmat champanha,,1973
,Bebida de uva,,1973
,Polpa de uva,,1973
,Mosto simples,21779327.0,1973
,Mosto concentrado,,1973
,Mosto de uva com bagaço,,1973
,Mosto dessulfitado,,1973
,Mistelas,512900.0,1973
,Néctar de uva,,1973
,Licorosos,176500.0,1973
,Compostos,1628000.0,1973
,Jeropiga,,1973
,Filtrado,,1973
,Frisante,,1973
,Vinho leve,,1973
,Vinho licoroso,,1973
,Brandy,,1973
,Destilado,,1973
,Bagaceira,661270.0,1973
,Licor de bagaceira,,1973
,Vinagre,,1973
,Borra líquida,3559922.0,1973
,Borra seca,,1973
,Vinho Composto,,1973
,Pisco,,1973
,Vinho orgânico,,1973
,Espumante orgânico,,1973
,Destilado alcoólico simples de bagaceira,,1973
,Vinho acidificado,,1973
,Mosto parcialmente fermentado,,1973
,Outros derivados,,1973
Total,Total,157396674.0,1973
,VINHO DE MESA,193875345.0,1974
,Tinto,146544484.0,1974
,Branco,4138768.0,1974
,Rosado,43192093.0,1974
,VINHO FINO DE MESA (VINIFERA),31644124.0,1974
,Tinto,10047658.0,1974
,Branco,18927471.0,1974
,Rosado,2668995.0,1974
,SUCO,,1974
,Suco de uva integral,,1974
,Suco de uva concentrado,,1974
,Suco de uva adoçado,,1974
,Suco de uva orgânico,,1974
,Suco de uva reconstituído,,1974
,DERIVADOS,47904934.0,1974
,Espumante,,1974
,Espumante moscatel,,1974
,Base espumante,,1974
,Base espumante moscatel,,1974
,Base Champenoise champanha,,1974
,Base Charmat champanha,,1974
,Bebida de uva,,1974
,Polpa de uva,,1974
,Mosto simples,41346735.0,1974
,Mosto concentrado,,1974
,Mosto de uva com bagaço,,1974
,Mosto dessulfitado,,1974
,Mistelas,826300.0,1974
,Néctar de uva,,1974
,Licorosos,135000.0,1974
,Compostos,,1974
,Jeropiga,,1974
,Filtrado,,1974
,Frisante,,1974
,Vinho leve,,1974
,Vinho licoroso,,1974
,Brandy,,1974
,Destilado,,1974
,Bagaceira,424620.0,1974
,Licor de bagaceira,,1974
,Vinagre,35300.0,1974
,Borra líquida,5136979.0,1974
,Borra seca,,1974
,Vinho Composto,,1974
,Pisco,,1974
,Vinho orgânico,,1974
,Espumante orgânico,,1974
,Destilado alcoólico simples de bagaceira,,1974
,Vinho acidificado,,1974
,Mosto parcialmente fermentado,,1974
,Outros derivados,,1974
Total,Total,273424403.0,1974
,VINHO DE MESA,177401209.0,1975
,Tinto,144274134.0,1975
,Branco,1441507.0,1975
,Rosado,31685568.0,1975
,VINHO FINO DE MESA (VINIFERA),39424590.0,1975
,Tinto,14731106.0,1975
,Branco,21933695.0,1975
,Rosado,2759789.0,1975
,SUCO,,1975
,Suco de uva integral,,1975
,Suco de uva concentrado,,1975
,Suco de uva adoçado,,1975
,Suco de uva orgânico,,1975
,Suco de uva reconstituído,,1975
,DERIVADOS,53633143.0,1975
,Espumante,,1975
,Espumante moscatel,,1975
,Base espumante,,1975
,Base espumante moscatel,,1975
,Base Champenoise champanha,,1975
,Base Charmat champanha,,1975
,Bebida de uva,,1975
,Polpa de uva,,1975
,Mosto simples,48185206.0,1975
,Mosto concentrado,,1975
,Mosto de uva com bagaço,,1975
,Mosto dessulfitado,,1975
,Mistelas,223000.0,1975
,Néctar de uva,,1975
,Licorosos,24000.0,1975
,Compostos,,1975
,Jeropiga,,1975
,Filtrado,,1975
,Frisante,,1975
,Vinho leve,,1975
,Vinho licoroso,,1975
,Brandy,,1975
,Destilado,,1975
,Bagaceira,576098.0,1975
,Licor de bagaceira,,1975
,Vinagre,,1975
,Borra líquida,4624839.0,1975
,Borra seca,,1975
,Vinho Composto,,1975
,Pisco,,1975
,Vinho orgânico,,1975
,Espumante orgânico,,1975
,Destilado alcoólico simples de bagaceira,,1975
,Vinho acidificado,,1975
,Mosto parcialmente fermentado,,1975
,Outros derivados,,1975
Total,Total,270458942.0,1975
,VINHO DE MESA,144565438.0,1976
,Tinto,118360170.0,1976
,Branco,1871473.0,1976
,Rosado,24333795.0,1976
,VINHO FINO DE MESA (VINIFERA),34500590.0,1976
,Tinto,12405154.0,1976
,Branco,19874659.0,1976
,Rosado,2220777.0,1976
,SUCO,,1976
,Suco de uva integral,,1976
,Suco de uva concentrado,,1976
,Suco de uva adoçado,,1976
,Suco de uva orgânico,,1976
,Suco de uva reconstituído,,1976
,DERIVADOS,22925012.0,1976
,Espumante,,1976
,Espumante moscatel,,1976
,Base espumante,,1976
,Base espumante moscatel,,1976
,Base Champenoise champanha,,1976
,Base Charmat champanha,,1976
,Bebida de uva,,1976
,Polpa de uva,,1976
,Mosto simples,18220527.0,1976
,Mosto concentrado,,1976
,Mosto de uva com bagaço,,1976
,Mosto dessulfitado,,1976
,Mistelas,205500.0,1976
,Néctar de uva,,1976
,Licorosos,4400.0,1976
,Compostos,,1976
,Jeropiga,107500.0,1976
,Filtrado,,1976
,Frisante,,1976
,Vinho leve,,1976
,Vinho licoroso,,1976
,Brandy,,1976
,Destilado,,1976
,Bagaceira,705912.0,1976
,Licor de bagaceira,,1976
,Vinagre,288000.0,1976
,Borra líquida,3393173.0,1976
,Borra seca,,1976
,Vinho Composto,,1976
,Pisco,,1976
,Vinho orgânico,,1976
,Espumante orgânico,,1976
,Destilado alcoólico simples de bagaceira,,1976
,Vinho acidificado,,1976
,Mosto parcialmente fermentado,,1976
,Outros derivados,,1976
Total,Total,201991040.0,1976
,VINHO DE MESA,195359778.0,1977
,Tinto,154801826.0,1977
,Branco,4954387.0,1977
,Rosado,35603565.0,1977
,VINHO FINO DE MESA (VINIFERA),41264971.0,1977
,Tinto,16131758.0,1977
,Branco,20409231.0,1977
,Rosado,4723982.0,1977
,SUCO,,1977
,Suco de uva integral,,1977
,Suco de uva concentrado,,1977
,Suco de uva adoçado,,1977
,Suco de uva orgânico,,1977
,Suco de uva reconstituído,,1977
,DERIVADOS,24015856.0,1977
,Espumante,,1977
,Espumante moscatel,,1977
,Base espumante,,1977
,Base espumante moscatel,,1977
,Base Champenoise champanha,,1977
,Base Charmat champanha,,1977
,Bebida de uva,,1977
,Polpa de uva,,1977
,Mosto simples,22097156.0,1977
,Mosto concentrado,,1977
,Mosto de uva com bagaço,,1977
,Mosto dessulfitado,,1977
,Mistelas,553200.0,1977
,Néctar de uva,,1977
,Licorosos,525000.0,1977
,Compostos,,1977
,Jeropiga,12500.0,1977
,Filtrado,,1977
,Frisante,,1977
,Vinho leve,,1977
,Vinho licoroso,,1977
,Brandy,,1977
,Destilado,,1977
,Bagaceira,828000.0,1977
,Licor de bagaceira,,1977
,Vinagre,,1977
,Borra líquida,,1977
,Borra seca,,1977
,Vinho Composto,,1977
,Pisco,,1977
,Vinho orgânico,,1977
,Espumante orgânico,,1977
,Destilado alcoólico simples de bagaceira,,1977
,Vinho acidificado,,1977
,Mosto parcialmente fermentado,,1977
,Outros derivados,,1977
Total,Total,260640605.0,1977
,VINHO DE MESA,200053669.0,1978
,Tinto,162917363.0,1978
,Branco,5079748.0,1978
,Rosado,32056558.0,1978
,VINHO FINO DE MESA (VINIFERA),36750933.0,1978
,Tinto,15000671.0,1978
,Branco,17640081.0,1978
,Rosado,4110181.0,1978
,SUCO,,1978
,Suco de uva integral,,1978
,Suco de uva concentrado,,1978
,Suco de uva adoçado,,1978
,Suco de uva orgânico,,1978
,Suco de uva reconstituído,,1978
,DERIVADOS,41607777.0,1978
,Espumante,,1978
,Espumante moscatel,,1978
,Base espumante,,1978
,Base espumante moscatel,,1978
,Base Champenoise champanha,,1978
,Base Charmat champanha,,1978
,Bebida de uva,,1978
,Polpa de uva,,1978
,Mosto simples,40052456.0,1978
,Mosto concentrado,,1978
,Mosto de uva com bagaço,,1978
,Mosto dessulfitado,,1978
,Mistelas,242150.0,1978
,Néctar de uva,,1978
,Licorosos,479971.0,1978
,Compostos,75000.0,1978
,Jeropiga,60000.0,1978
,Filtrado,,1978
,Frisante,,1978
,Vinho leve,,1978
,Vinho licoroso,,1978
,Brandy,,1978
,Destilado,,1978
,Bagaceira,698200.0,1978
,Licor de bagaceira,,1978
,Vinagre,,1978
,Borra líquida,,1978
,Borra seca,,1978
,Vinho Composto,,1978
,Pisco,,1978
,Vinho orgânico,,1978
,Espumante orgânico,,1978
,Destilado alcoólico simples de bagaceira,,1978
,Vinho acidificado,,1978
,Mosto parcialmente fermentado,,1978
,Outros derivados,,1978
Total,Total,278412379.0,1978
,VINHO DE MESA,211252982.0,1979
,Tinto,154736439.0,1979
,Branco,7146395.0,1979
,Rosado,49370148.0,1979
,VINHO FINO DE MESA (VINIFERA),46129710.0,1979
,Tinto,14356453.0,1979
,Branco,25727132.0,1979
,Rosado,6046125.0,1979
,SUCO,,1979
,Suco de uva integral,,1979
,Suco de uva concentrado,,1979
,Suco de uva adoçado,,1979
,Suco de uva orgânico,,1979
,Suco de uva reconstituído,,1979
,DERIVADOS,35370846.0,1979
,Espumante,,1979
,Espumante moscatel,,1979
,Base espumante,,1979
,Base espumante moscatel,,1979
,Base Champenoise champanha,,1979
,Base Charmat champanha,,1979
,Bebida de uva,,1979
,Polpa de uva,,1979
,Mosto simples,34318456.0,1979
,Mosto concentrado,,1979
,Mosto de uva com bagaço,,1979
,Mosto dessulfitado,,1979
,Mistelas,60300.0,1979
,Néctar de uva,,1979
,Licorosos,34000.0,1979
,Compostos,,1979
,Jeropiga,20000.0,1979
,Filtrado,,1979
,Frisante,,1979
,Vinho leve,,1979
,Vinho licoroso,,1979
,Brandy,,1979
,Destilado,,1979
,Bagaceira,938090.0,1979
,Licor de bagaceira,,1979
,Vinagre,,1979
,Borra líquida,,1979
,Borra seca,,1979
,Vinho Composto,,1979
,Pisco,,1979
,Vinho orgânico,,1979
,Espumante orgânico,,1979
,Destilado alcoólico simples de bagaceira,,1979
,Vinho acidificado,,1979
,Mosto parcialmente fermentado,,1979
,Outros derivados,,1979
Total,Total,292753538.0,1979
,VINHO DE MESA,130308185.0,1980
,Tinto,101659755.0,1980
,Branco,5363452.0,1980
,Rosado,23284978.0,1980
,VINHO FINO DE MESA (VINIFERA),31740663.0,1980
,Tinto,9296741.0,1980
,Branco,19326572.0,1980
,Rosado,3117350.0,1980
,SUCO,,1980
,Suco de uva integral,,1980
,Suco de uva concentrado,,1980
,Suco de uva adoçado,,1980
,Suco de uva orgânico,,1980
,Suco de uva reconstituído,,1980
,DERIVADOS,37553414.0,1980
,Espumante,,1980
,Espumante moscatel,,1980
,Base espumante,,1980
,Base espumante moscatel,,1980
,Base Champenoise champanha,,1980
,Base Charmat champanha,,1980
,Bebida de uva,,1980
,Polpa de uva,,1980
,Mosto simples,37553414.0,1980
,Mosto concentrado,,1980
,Mosto de uva com bagaço,,1980
,Mosto dessulfitado,,1980
,Mistelas,,1980
,Néctar de uva,,1980
,Licorosos,,1980
,Compostos,,1980
,Jeropiga,,1980
,Filtrado,,1980
,Frisante,,1980
,Vinho leve,,1980
,Vinho licoroso,,1980
,Brandy,,1980
,Destilado,,1980
,Bagaceira,,1980
,Licor de bagaceira,,1980
,Vinagre,,1980
,Borra líquida,,1980
,Borra seca,,1980
,Vinho Composto,,1980
,Pisco,,1980
,Vinho orgânico,,1980
,Espumante orgânico,,1980
,Destilado alcoólico simples de bagaceira,,1980
,Vinho acidificado,,1980
,Mosto parcialmente fermentado,,1980
,Outros derivados,,1980
Total,Total,199602262.0,1980
,VINHO DE MESA,186129728.0,1981
,Tinto,134156175.0,1981
,Branco,12547739.0,1981
,Rosado,39425814.0,1981
,VINHO FINO DE MESA (VINIFERA),49348047.0,1981
,Tinto,16036963.0,1981
,Branco,27528276.0,1981
,Rosado,5782808.0,1981
,SUCO,,1981
,Suco de uva integral,,1981
,Suco de uva concentrado,,1981
,Suco de uva adoçado,,1981
,Suco de uva orgânico,,1981
,Suco de uva reconstituído,,1981
,DERIVADOS,52530037.0,1981
,Espumante,,1981
,Espumante moscatel,,1981
,Base espumante,,1981
,Base espumante moscatel,,1981
,Base Champenoise champanha,,1981
,Base Charmat champanha,,1981
,Bebida de uva,,1981
,Polpa de uva,,1981
,Mosto simples,48762185.0,1981
,Mosto concentrado,,1981
,Mosto de uva com bagaço,,1981
,Mosto dessulfitado,,1981
,Mistelas,,1981
,Néctar de uva,,1981
,Licorosos,,1981
,Compostos,,1981
,Jeropiga,,1981
,Filtrado,,1981
,Frisante,,1981
,Vinho leve,,1981
,Vinho licoroso,,1981
,Brandy,,1981
,Destilado,,1981
,Bagaceira,,1981
,Licor de bagaceira,,1981
,Vinagre,,1981
,Borra líquida,3767852.0,1981
,Borra seca,,1981
,Vinho Composto,,1981
,Pisco,,1981
,Vinho orgânico,,1981
,Espumante orgânico,,1981
,Destilado alcoólico simples de bagaceira,,1981
,Vinho acidificado,,1981
,Mosto parcialmente fermentado,,1981
,Outros derivados,,1981
Total,Total,288007812.0,1981
,VINHO DE MESA,234754564.0,1982
,Tinto,183349460.0,1982
,Branco,15782499.0,1982
,Rosado,35622605.0,1982
,VINHO FINO DE MESA (VINIFERA),57453581.0,1982
,Tinto,19987588.0,1982
,Branco,34423412.0,1982
,Rosado,3042581.0,1982
,SUCO,,1982
,Suco de uva integral,,1982
,Suco de uva concentrado,,1982
,Suco de uva adoçado,,1982
,Suco de uva orgânico,,1982
,Suco de uva reconstituído,,1982
,DERIVADOS,37506770.0,1982
,Espumante,,1982
,Espumante moscatel,,1982
,Base espumante,,1982
,Base espumante moscatel,,1982
,Base Champenoise champanha,,1982
,Base Charmat champanha,,1982
,Bebida de uva,,1982
,Polpa de uva,,1982
,Mosto simples,37506770.0,1982
,Mosto concentrado,,1982
,Mosto de uva com bagaço,,1982
,Mosto dessulfitado,,1982
,Mistelas,,1982
,Néctar de uva,,1982
,Licorosos,,1982
,Compostos,,1982
,Jeropiga,,1982
,Filtrado,,1982
,Frisante,,1982
,Vinho leve,,1982
,Vinho licoroso,,1982
,Brandy,,1982
,Destilado,,1982
,Bagaceira,,1982
,Licor de bagaceira,,1982
,Vinagre,,1982
,Borra líquida,,1982
,Borra seca,,1982
,Vinho Composto,,1982
,Pisco,,1982
,Vinho orgânico,,1982
,Espumante orgânico,,1982
,Destilado alcoólico simples de bagaceira,,1982
,Vinho acidificado,,1982
,Mosto parcialmente fermentado,,1982
,Outros derivados,,1982
Total,Total,329714915.0,1982
,VINHO DE MESA,120261544.0,1983
,Tinto,87080528.0,1983
,Branco,12191896.0,1983
,Rosado,20989120.0,1983
,VINHO FINO DE MESA (VINIFERA),40616812.0,1983
,Tinto,14340514.0,1983
,Branco,24164361.0,1983
,Rosado,2111937.0,1983
,SUCO,,1983
,Suco de uva integral,,1983
,Suco de uva concentrado,,1983
,Suco de uva adoçado,,1983
,Suco de uva orgânico,,1983
,Suco de uva reconstituído,,1983
,DERIVADOS,27314628.0,1983
,Espumante,,1983
,Espumante moscatel,,1983
,Base espumante,,1983
,Base espumante moscatel,,1983
,Base Champenoise champanha,,1983
,Base Charmat champanha,,1983
,Bebida de uva,,1983
,Polpa de uva,,1983
,Mosto simples,27314628.0,1983
,Mosto concentrado,,1983
,Mosto de uva com bagaço,,1983
,Mosto dessulfitado,,1983
,Mistelas,,1983
,Néctar de uva,,1983
,Licorosos,,1983
,Compostos,,1983
,Jeropiga,,1983
,Filtrado,,1983
,Frisante,,1983
,Vinho leve,,1983
,Vinho licoroso,,1983
,Brandy,,1983
,Destilado,,1983
,Bagaceira,,1983
,Licor de bagaceira,,1983
,Vinagre,,1983
,Borra líquida,,1983
,Borra seca,,1983
,Vinho Composto,,1983
,Pisco,,1983
,Vinho orgânico,,1983
,Espumante orgânico,,1983
,Destilado alcoólico simples de bagaceira,,1983
,Vinho acidificado,,1983
,Mosto parcialmente fermentado,,1983
,Outros derivados,,1983
Total,Total,188192984.0,1983
,VINHO DE MESA,177680331.0,1984
,Tinto,119615028.0,1984
,Branco,19502230.0,1984
,Rosado,38563073.0,1984
,VINHO FINO DE MESA (VINIFERA),48289279.0,1984
,Tinto,15777602.0,1984
,Branco,30395959.0,1984
,Rosado,2115718.0,1984
,SUCO,,1984
,Suco de uva integral,,1984
,Suco de uva concentrado,,1984
,Suco de uva adoçado,,1984
,Suco de uva orgânico,,1984
,Suco de uva reconstituído,,1984
,DERIVADOS,17331744.0,1984
,Espumante,,1984
,Espumante moscatel,,1984
,Base espumante,,1984
,Base espumante moscatel,,1984
,Base Champenoise champanha,,1984
,Base Charmat champanha,,1984
,Bebida de uva,,1984
,Polpa de uva,,1984
,Mosto simples,17331744.0,1984
,Mosto concentrado,,1984
,Mosto de uva com bagaço,,1984
,Mosto dessulfitado,,1984
,Mistelas,,1984
,Néctar de uva,,1984
,Licorosos,,1984
,Compostos,,1984
,Jeropiga,,1984
,Filtrado,,1984
,Frisante,,1984
,Vinho leve,,1984
,Vinho licoroso,,1984
,Brandy,,1984
,Destilado,,1984
,Bagaceira,,1984
,Licor de bagaceira,,1984
,Vinagre,,1984
,Borra líquida,,1984
,Borra seca,,1984
,Vinho Composto,,1984
,Pisco,,1984
,Vinho orgânico,,1984
,Espumante orgânico,,1984
,Destilado alcoólico simples de bagaceira,,1984
,Vinho acidificado,,1984
,Mosto parcialmente fermentado,,1984
,Outros derivados,,1984
Total,Total,243301354.0,1984
,VINHO DE MESA,275338955.0,1985
,Tinto,216732390.0,1985
,Branco,23010666.0,1985
,Rosado,35595899.0,1985
,VINHO FINO DE MESA (VINIFERA),67035393.0,1985
,Tinto,19347979.0,1985
,Branco,44679484.0,1985
,Rosado,3007930.0,1985
,SUCO,6631667.0,1985
,Suco de uva integral,3544706.0,1985
,Suco de uva concentrado,3086961.0,1985
,Suco de uva adoçado,,1985
,Suco de uva orgânico,,1985
,Suco de uva reconstituído,,1985
,DERIVADOS,17336419.0,1985
,Espumante,,1985
,Espumante moscatel,,1985
,Base espumante,,1985
,Base espumante moscatel,,1985
,Base Champenoise champanha,,1985
,Base Charmat champanha,,1985
,Bebida de uva,,1985
,Polpa de uva,,1985
,Mosto simples,10637557.0,1985
,Mosto concentrado,354707.0,1985
,Mosto de uva com bagaço,,1985
,Mosto dessulfitado,,1985
,Mistelas,,1985
,Néctar de uva,,1985
,Licorosos,,1985
,Compostos,,1985
,Jeropiga,234500.0,1985
,Filtrado,,1985
,Frisante,,1985
,Vinho leve,,1985
,Vinho licoroso,,1985
,Brandy,13000.0,1985
,Destilado,342650.0,1985
,Bagaceira,299500.0,1985
,Licor de bagaceira,,1985
,Vinagre,104707.0,1985
,Borra líquida,5095798.0,1985
,Borra seca,,1985
,Vinho Composto,,1985
,Pisco,,1985
,Vinho orgânico,254000.0,1985
,Espumante orgânico,,1985
,Destilado alcoólico simples de bagaceira,,1985
,Vinho acidificado,,1985
,Mosto parcialmente fermentado,,1985
,Outros derivados,,1985
Total,Total,366342434.0,1985
,VINHO DE MESA,157711522.0,1986
,Tinto,118766694.0,1986
,Branco,16872183.0,1986
,Rosado,22072645.0,1986
,VINHO FINO DE MESA (VINIFERA),48559180.0,1986
,Tinto,12282967.0,1986
,Branco,34794145.0,1986
,Rosado,1482068.0,1986
,SUCO,4313768.0,1986
,Suco de uva integral,2116507.0,1986
,Suco de uva concentrado,2197261.0,1986
,Suco de uva adoçado,,1986
,Suco de uva orgânico,,1986
,Suco de uva reconstituído,,1986
,DERIVADOS,14785645.0,1986
,Espumante,,1986
,Espumante moscatel,,1986
,Base espumante,,1986
,Base espumante moscatel,,1986
,Base Champenoise champanha,,1986
,Base Charmat champanha,,1986
,Bebida de uva,,1986
,Polpa de uva,,1986
,Mosto simples,7031320.0,1986
,Mosto concentrado,295800.0,1986
,Mosto de uva com bagaço,,1986
,Mosto dessulfitado,,1986
,Mistelas,378400.0,1986
,Néctar de uva,,1986
,Licorosos,,1986
,Compostos,,1986
,Jeropiga,173000.0,1986
,Filtrado,,1986
,Frisante,,1986
,Vinho leve,,1986
,Vinho licoroso,,1986
,Brandy,,1986
,Destilado,222230.0,1986
,Bagaceira,156100.0,1986
,Licor de bagaceira,,1986
,Vinagre,,1986
,Borra líquida,6357648.0,1986
,Borra seca,,1986
,Vinho Composto,,1986
,Pisco,,1986
,Vinho orgânico,171147.0,1986
,Espumante orgânico,,1986
,Destilado alcoólico simples de bagaceira,,1986
,Vinho acidificado,,1986
,Mosto parcialmente fermentado,,1986
,Outros derivados,,1986
Total,Total,225370115.0,1986
,VINHO DE MESA,150467184.0,1987
,Tinto,97841160.0,1987
,Branco,27497857.0,1987
,Rosado,25128167.0,1987
,VINHO FINO DE MESA (VINIFERA),47301266.0,1987
,Tinto,10920073.0,1987
,Branco,35432544.0,1987
,Rosado,948649.0,1987
,SUCO,5469016.0,1987
,Suco de uva integral,2262240.0,1987
,Suco de uva concentrado,3206776.0,1987
,Suco de uva adoçado,,1987
,Suco de uva orgânico,,1987
,Suco de uva reconstituído,,1987
,DERIVADOS,14905862.0,1987
,Espumante,,1987
,Espumante moscatel,,1987
,Base espumante,,1987
,Base espumante moscatel,,1987
,Base Champenoise champanha,,1987
,Base Charmat champanha,,1987
,Bebida de uva,,1987
,Polpa de uva,,1987
,Mosto simples,7821040.0,1987
,Mosto concentrado,400500.0,1987
,Mosto de uva com bagaço,,1987
,Mosto dessulfitado,,1987
,Mistelas,402600.0,1987
,Néctar de uva,,1987
,Licorosos,,1987
,Compostos,,1987
,Jeropiga,122000.0,1987
,Filtrado,,1987
,Frisante,,1987
,Vinho leve,,1987
,Vinho licoroso,,1987
,Brandy,,1987
,Destilado,472576.0,1987
,Bagaceira,325600.0,1987
,Licor de bagaceira,,1987
,Vinagre,,1987
,Borra líquida,5142446.0,1987
,Borra seca,,1987
,Vinho Composto,,1987
,Pisco,,1987
,Vinho orgânico,219100.0,1987
,Espumante orgânico,,1987
,Destilado alcoólico simples de bagaceira,,1987
,Vinho acidificado,,1987
,Mosto parcialmente fermentado,,1987
,Outros derivados,,1987
Total,Total,218143328.0,1987
,VINHO DE MESA,244791058.0,1988
,Tinto,173747942.0,1988
,Branco,32660045.0,1988
,Rosado,38383071.0,1988
,VINHO FINO DE MESA (VINIFERA),76560765.0,1988
,Tinto,18690518.0,1988
,Branco,56441847.0,1988
,Rosado,1428400.0,1988
,SUCO,7586870.0,1988
,Suco de uva integral,2018000.0,1988
,Suco de uva concentrado,5568870.0,1988
,Suco de uva adoçado,,1988
,Suco de uva orgânico,,1988
,Suco de uva reconstituído,,1988
,DERIVADOS,19644584.0,1988
,Espumante,76000.0,1988
,Espumante moscatel,,1988
,Base espumante,,1988
,Base espumante moscatel,,1988
,Base Champenoise champanha,,1988
,Base Charmat champanha,,1988
,Bebida de uva,,1988
,Polpa de uva,,1988
,Mosto simples,16544460.0,1988
,Mosto concentrado,384200.0,1988
,Mosto de uva com bagaço,,1988
,Mosto dessulfitado,,1988
,Mistelas,196000.0,1988
,Néctar de uva,,1988
,Licorosos,3000.0,1988
,Compostos,2000.0,1988
,Jeropiga,61000.0,1988
,Filtrado,88000.0,1988
,Frisante,,1988
,Vinho leve,,1988
,Vinho licoroso,,1988
,Brandy,5216.0,1988
,Destilado,287220.0,1988
,Bagaceira,29000.0,1988
,Licor de bagaceira,,1988
,Vinagre,,1988
,Borra líquida,1953488.0,1988
,Borra seca,,1988
,Vinho Composto,,1988
,Pisco,,1988
,Vinho orgânico,15000.0,1988
,Espumante orgânico,,1988
,Destilado alcoólico simples de bagaceira,,1988
,Vinho acidificado,,1988
,Mosto parcialmente fermentado,,1988
,Outros derivados,,1988
Total,Total,348583277.0,1988
,VINHO DE MESA,181801961.0,1989
,Tinto,136931173.0,1989
,Branco,24603265.0,1989
,Rosado,20267523.0,1989
,VINHO FINO DE MESA (VINIFERA),72772144.0,1989
,Tinto,16140751.0,1989
,Branco,54983093.0,1989
,Rosado,1648300.0,1989
,SUCO,6923183.0,1989
,Suco de uva integral,2824600.0,1989
,Suco de uva concentrado,4098583.0,1989
,Suco de uva adoçado,,1989
,Suco de uva orgânico,,1989
,Suco de uva reconstituído,,1989
,DERIVADOS,12004574.0,1989
,Espumante,,1989
,Espumante moscatel,,1989
,Base espumante,,1989
,Base espumante moscatel,,1989
,Base Champenoise champanha,,1989
,Base Charmat champanha,,1989
,Bebida de uva,,1989
,Polpa de uva,,1989
,Mosto simples,8141100.0,1989
,Mosto concentrado,732470.0,1989
,Mosto de uva com bagaço,,1989
,Mosto dessulfitado,,1989
,Mistelas,32000.0,1989
,Néctar de uva,,1989
,Licorosos,20000.0,1989
,Compostos,1900.0,1989
,Jeropiga,42000.0,1989
,Filtrado,39000.0,1989
,Frisante,,1989
,Vinho leve,249000.0,1989
,Vinho licoroso,,1989
,Brandy,6500.0,1989
,Destilado,176800.0,1989
,Bagaceira,52000.0,1989
,Licor de bagaceira,,1989
,Vinagre,,1989
,Borra líquida,2426804.0,1989
,Borra seca,,1989
,Vinho Composto,,1989
,Pisco,,1989
,Vinho orgânico,85000.0,1989
,Espumante orgânico,,1989
,Destilado alcoólico simples de bagaceira,,1989
,Vinho acidificado,,1989
,Mosto parcialmente fermentado,,1989
,Outros derivados,,1989
Total,Total,273501862.0,1989
,VINHO DE MESA,210548199.0,1990
,Tinto,154359897.0,1990
,Branco,33512030.0,1990
,Rosado,22676272.0,1990
,VINHO FINO DE MESA (VINIFERA),73689124.0,1990
,Tinto,17750504.0,1990
,Branco,52080420.0,1990
,Rosado,3858200.0,1990
,SUCO,10423252.0,1990
,Suco de uva integral,2848560.0,1990
,Suco de uva concentrado,7574692.0,1990
,Suco de uva adoçado,,1990
,Suco de uva orgânico,,1990
,Suco de uva reconstituído,,1990
,DERIVADOS,16191621.0,1990
,Espumante,,1990
,Espumante moscatel,,1990
,Base espumante,,1990
,Base espumante moscatel,,1990
,Base Champenoise champanha,,1990
,Base Charmat champanha,,1990
,Bebida de uva,,1990
,Polpa de uva,,1990
,Mosto simples,13307690.0,1990
,Mosto concentrado,1098250.0,1990
,Mosto de uva com bagaço,,1990
,Mosto dessulfitado,,1990
,Mistelas,149000.0,1990
,Néctar de uva,,1990
,Licorosos,24300.0,1990
,Compostos,,1990
,Jeropiga,,1990
,Filtrado,11000.0,1990
,Frisante,,1990
,Vinho leve,264000.0,1990
,Vinho licoroso,,1990
,Brandy,,1990
,Destilado,,1990
,Bagaceira,55000.0,1990
,Licor de bagaceira,,1990
,Vinagre,,1990
,Borra líquida,1282381.0,1990
,Borra seca,,1990
,Vinho Composto,,1990
,Pisco,,1990
,Vinho orgânico,,1990
,Espumante orgânico,,1990
,Destilado alcoólico simples de bagaceira,,1990
,Vinho acidificado,,1990
,Mosto parcialmente fermentado,,1990
,Outros derivados,,1990
Total,Total,310852196.0,1990
,VINHO DE MESA,126768254.0,1991
,Tinto,90320836.0,1991
,Branco,25046588.0,1991
,Rosado,11400830.0,1991
,VINHO FINO DE MESA (VINIFERA),45519167.0,1991
,Tinto,12001895.0,1991
,Branco,33307472.0,1991
,Rosado,209800.0,1991
,SUCO,11324462.0,1991
,Suco de uva integral,3609000.0,1991
,Suco de uva concentrado,7715462.0,1991
,Suco de uva adoçado,,1991
,Suco de uva orgânico,,1991
,Suco de uva reconstituído,,1991
,DERIVADOS,20352398.0,1991
,Espumante,,1991
,Espumante moscatel,,1991
,Base espumante,,1991
,Base espumante moscatel,,1991
,Base Champenoise champanha,,1991
,Base Charmat champanha,,1991
,Bebida de uva,,1991
,Polpa de uva,,1991
,Mosto simples,17407568.0,1991
,Mosto concentrado,921400.0,1991
,Mosto de uva com bagaço,,1991
,Mosto dessulfitado,,1991
,Mistelas,,1991
,Néctar de uva,,1991
,Licorosos,11500.0,1991
,Compostos,,1991
,Jeropiga,,1991
,Filtrado,18000.0,1991
,Frisante,,1991
,Vinho leve,192800.0,1991
,Vinho licoroso,,1991
,Brandy,,1991
,Destilado,,1991
,Bagaceira,15000.0,1991
,Licor de bagaceira,,1991
,Vinagre,,1991
,Borra líquida,1649130.0,1991
,Borra seca,,1991
,Vinho Composto,,1991
,Pisco,,1991
,Vinho orgânico,137000.0,1991
,Espumante orgânico,,1991
,Destilado alcoólico simples de bagaceira,,1991
,Vinho acidificado,,1991
,Mosto parcialmente fermentado,,1991
,Outros derivados,,1991
Total,Total,203964281.0,1991
,VINHO DE MESA,163248419.0,1992
,Tinto,118638894.0,1992
,Branco,25446255.0,1992
,Rosado,19163270.0,1992
,VINHO FINO DE MESA (VINIFERA),52612778.0,1992
,Tinto,13449911.0,1992
,Branco,38856367.0,1992
,Rosado,306500.0,1992
,SUCO,10797624.0,1992
,Suco de uva integral,4033698.0,1992
,Suco de uva concentrado,6763926.0,1992
,Suco de uva adoçado,,1992
,Suco de uva orgânico,,1992
,Suco de uva reconstituído,,1992
,DERIVADOS,29469940.0,1992
,Espumante,11000.0,1992
,Espumante moscatel,,1992
,Base espumante,,1992
,Base espumante moscatel,,1992
,Base Champenoise champanha,,1992
,Base Charmat champanha,,1992
,Bebida de uva,,1992
,Polpa de uva,,1992
,Mosto simples,27491540.0,1992
,Mosto concentrado,288900.0,1992
,Mosto de uva com bagaço,,1992
,Mosto dessulfitado,,1992
,Mistelas,,1992
,Néctar de uva,,1992
,Licorosos,7800.0,1992
,Compostos,,1992
,Jeropiga,60000.0,1992
,Filtrado,11000.0,1992
,Frisante,,1992
,Vinho leve,144500.0,1992
,Vinho licoroso,,1992
,Brandy,,1992
,Destilado,,1992
,Bagaceira,10000.0,1992
,Licor de bagaceira,,1992
,Vinagre,45000.0,1992
,Borra líquida,1400200.0,1992
,Borra seca,,1992
,Vinho Composto,,1992
,Pisco,,1992
,Vinho orgânico,,1992
,Espumante orgânico,,1992
,Destilado alcoólico simples de bagaceira,,1992
,Vinho acidificado,,1992
,Mosto parcialmente fermentado,,1992
,Outros derivados,,1992
Total,Total,256128761.0,1992
,VINHO DE MESA,171754995.0,1993
,Tinto,125172218.0,1993
,Branco,31986075.0,1993
,Rosado,14596702.0,1993
,VINHO FINO DE MESA (VINIFERA),53054225.0,1993
,Tinto,12119485.0,1993
,Branco,40415898.0,1993
,Rosado,518842.0,1993
,SUCO,12031753.0,1993
,Suco de uva integral,3800800.0,1993
,Suco de uva concentrado,8230953.0,1993
,Suco de uva adoçado,,1993
,Suco de uva orgânico,,1993
,Suco de uva reconstituído,,1993
,DERIVADOS,17573100.0,1993
,Espumante,,1993
,Espumante moscatel,,1993
,Base espumante,,1993
,Base espumante moscatel,,1993
,Base Champenoise champanha,,1993
,Base Charmat champanha,,1993
,Bebida de uva,,1993
,Polpa de uva,,1993
,Mosto simples,17218000.0,1993
,Mosto concentrado,355100.0,1993
,Mosto de uva com bagaço,,1993
,Mosto dessulfitado,,1993
,Mistelas,,1993
,Néctar de uva,,1993
,Licorosos,,1993
,Compostos,,1993
,Jeropiga,,1993
,Filtrado,,1993
,Frisante,,1993
,Vinho leve,,1993
,Vinho licoroso,,1993
,Brandy,,1993
,Destilado,,1993
,Bagaceira,,1993
,Licor de bagaceira,,1993
,Vinagre,,1993
,Borra líquida,,1993
,Borra seca,,1993
,Vinho Composto,,1993
,Pisco,,1993
,Vinho orgânico,,1993
,Espumante orgânico,,1993
,Destilado alcoólico simples de bagaceira,,1993
,Vinho acidificado,,1993
,Mosto parcialmente fermentado,,1993
,Outros derivados,,1993
Total,Total,254414073.0,1993
,VINHO DE MESA,202073263.0,1994
,Tinto,161479717.0,1994
,Branco,28291853.0,1994
,Rosado,12301693.0,1994
,VINHO FINO DE MESA (VINIFERA),58733741.0,1994
,Tinto,15646861.0,1994
,Branco,42419680.0,1994
,Rosado,667200.0,1994
,SUCO,13343721.0,1994
,Suco de uva integral,3884000.0,1994
,Suco de uva concentrado,9459721.0,1994
,Suco de uva adoçado,,1994
,Suco de uva orgânico,,1994
,Suco de uva reconstituído,,1994
,DERIVADOS,16053642.0,1994
,Espumante,,1994
,Espumante moscatel,,1994
,Base espumante,,1994
,Base espumante moscatel,,1994
,Base Champenoise champanha,,1994
,Base Charmat champanha,,1994
,Bebida de uva,,1994
,Polpa de uva,,1994
,Mosto simples,10972700.0,1994
,Mosto concentrado,335500.0,1994
,Mosto de uva com bagaço,,1994
,Mosto dessulfitado,,1994
,Mistelas,,1994
,Néctar de uva,,1994
,Licorosos,,1994
,Compostos,,1994
,Jeropiga,,1994
,Filtrado,,1994
,Frisante,,1994
,Vinho leve,,1994
,Vinho licoroso,,1994
,Brandy,,1994
,Destilado,,1994
,Bagaceira,,1994
,Licor de bagaceira,,1994
,Vinagre,,1994
,Borra líquida,,1994
,Borra seca,,1994
,Vinho Composto,,1994
,Pisco,,1994
,Vinho orgânico,4745442.0,1994
,Espumante orgânico,,1994
,Destilado alcoólico simples de bagaceira,,1994
,Vinho acidificado,,1994
,Mosto parcialmente fermentado,,1994
,Outros derivados,,1994
Total,Total,290204367.0,1994
,VINHO DE MESA,214788304.0,1995
,Tinto,167174017.0,1995
,Branco,15472732.0,1995
,Rosado,32141555.0,1995
,VINHO FINO DE MESA (VINIFERA),47126229.0,1995
,Tinto,11924291.0,1995
,Branco,34209738.0,1995
,Rosado,992200.0,1995
,SUCO,12893959.0,1995
,Suco de uva integral,4123776.0,1995
,Suco de uva concentrado,8770183.0,1995
,Suco de uva adoçado,,1995
,Suco de uva orgânico,,1995
,Suco de uva reconstituído,,1995
,DERIVADOS,23637100.0,1995
,Espumante,,1995
,Espumante moscatel,,1995
,Base espumante,,1995
,Base espumante moscatel,,1995
,Base Champenoise champanha,,1995
,Base Charmat champanha,,1995
,Bebida de uva,,1995
,Polpa de uva,,1995
,Mosto simples,20917600.0,1995
,Mosto concentrado,265000.0,1995
,Mosto de uva com bagaço,,1995
,Mosto dessulfitado,,1995
,Mistelas,,1995
,Néctar de uva,,1995
,Licorosos,,1995
,Compostos,,1995
,Jeropiga,,1995
,Filtrado,,1995
,Frisante,,1995
,Vinho leve,,1995
,Vinho licoroso,,1995
,Brandy,,1995
,Destilado,,1995
,Bagaceira,,1995
,Licor de bagaceira,,1995
,Vinagre,,1995
,Borra líquida,,1995
,Borra seca,,1995
,Vinho Composto,,1995
,Pisco,,1995
,Vinho orgânico,2454500.0,1995
,Espumante orgânico,,1995
,Destilado alcoólico simples de bagaceira,,1995
,Vinho acidificado,,1995
,Mosto parcialmente fermentado,,1995
,Outros derivados,,1995
Total,Total,298445592.0,1995
,VINHO DE MESA,152917771.0,1996
,Tinto,115896909.0,1996
,Branco,24073622.0,1996
,Rosado,12947240.0,1996
,VINHO FINO DE MESA (VINIFERA),45325058.0,1996
,Tinto,12819866.0,1996
,Branco,31893892.0,1996
,Rosado,611300.0,1996
,SUCO,9189900.0,1996
,Suco de uva integral,2407900.0,1996
,Suco de uva concentrado,6782000.0,1996
,Suco de uva adoçado,,1996
,Suco de uva orgânico,,1996
,Suco de uva reconstituído,,1996
,DERIVADOS,12754798.0,1996
,Espumante,,1996
,Espumante moscatel,,1996
,Base espumante,,1996
,Base espumante moscatel,,1996
,Base Champenoise champanha,,1996
,Base Charmat champanha,,1996
,Bebida de uva,,1996
,Polpa de uva,,1996
,Mosto simples,12111372.0,1996
,Mosto concentrado,292000.0,1996
,Mosto de uva com bagaço,,1996
,Mosto dessulfitado,,1996
,Mistelas,,1996
,Néctar de uva,,1996
,Licorosos,,1996
,Compostos,,1996
,Jeropiga,,1996
,Filtrado,,1996
,Frisante,,1996
,Vinho leve,,1996
,Vinho licoroso,,1996
,Brandy,,1996
,Destilado,,1996
,Bagaceira,,1996
,Licor de bagaceira,,1996
,Vinagre,,1996
,Borra líquida,,1996
,Borra seca,,1996
,Vinho Composto,,1996
,Pisco,,1996
,Vinho orgânico,351426.0,1996
,Espumante orgânico,,1996
,Destilado alcoólico simples de bagaceira,,1996
,Vinho acidificado,,1996
,Mosto parcialmente fermentado,,1996
,Outros derivados,,1996
Total,Total,220187527.0,1996
,VINHO DE MESA,182816047.0,1997
,Tinto,116458841.0,1997
,Branco,41842945.0,1997
,Rosado,24514261.0,1997
,VINHO FINO DE MESA (VINIFERA),46988414.0,1997
,Tinto,12590647.0,1997
,Branco,33792167.0,1997
,Rosado,605600.0,1997
,SUCO,13409014.0,1997
,Suco de uva integral,2884969.0,1997
,Suco de uva concentrado,10524045.0,1997
,Suco de uva adoçado,,1997
,Suco de uva orgânico,,1997
,Suco de uva reconstituído,,1997
,DERIVADOS,24553317.0,1997
,Espumante,,1997
,Espumante moscatel,,1997
,Base espumante,,1997
,Base espumante moscatel,,1997
,Base Champenoise champanha,,1997
,Base Charmat champanha,,1997
,Bebida de uva,,1997
,Polpa de uva,,1997
,Mosto simples,19066000.0,1997
,Mosto concentrado,490000.0,1997
,Mosto de uva com bagaço,,1997
,Mosto dessulfitado,,1997
,Mistelas,,1997
,Néctar de uva,,1997
,Licorosos,,1997
,Compostos,,1997
,Jeropiga,,1997
,Filtrado,,1997
,Frisante,,1997
,Vinho leve,,1997
,Vinho licoroso,,1997
,Brandy,,1997
,Destilado,,1997
,Bagaceira,,1997
,Licor de bagaceira,,1997
,Vinagre,,1997
,Borra líquida,,1997
,Borra seca,,1997
,Vinho Composto,,1997
,Pisco,,1997
,Vinho orgânico,4997317.0,1997
,Espumante orgânico,,1997
,Destilado alcoólico simples de bagaceira,,1997
,Vinho acidificado,,1997
,Mosto parcialmente fermentado,,1997
,Outros derivados,,1997
Total,Total,267766792.0,1997
,VINHO DE MESA,150814943.0,1998
,Tinto,102127865.0,1998
,Branco,32140249.0,1998
,Rosado,16546829.0,1998
,VINHO FINO DE MESA (VINIFERA),33898630.0,1998
,Tinto,8716140.0,1998
,Branco,24384090.0,1998
,Rosado,798400.0,1998
,SUCO,13904186.0,1998
,Suco de uva integral,3904186.0,1998
,Suco de uva concentrado,10000000.0,1998
,Suco de uva adoçado,,1998
,Suco de uva orgânico,,1998
,Suco de uva reconstituído,,1998
,DERIVADOS,14693351.0,1998
,Espumante,,1998
,Espumante moscatel,,1998
,Base espumante,,1998
,Base espumante moscatel,,1998
,Base Champenoise champanha,,1998
,Base Charmat champanha,,1998
,Bebida de uva,,1998
,Polpa de uva,,1998
,Mosto simples,11046570.0,1998
,Mosto concentrado,381000.0,1998
,Mosto de uva com bagaço,,1998
,Mosto dessulfitado,,1998
,Mistelas,,1998
,Néctar de uva,,1998
,Licorosos,,1998
,Compostos,,1998
,Jeropiga,,1998
,Filtrado,,1998
,Frisante,,1998
,Vinho leve,,1998
,Vinho licoroso,,1998
,Brandy,,1998
,Destilado,,1998
,Bagaceira,,1998
,Licor de bagaceira,,1998
,Vinagre,,1998
,Borra líquida,,1998
,Borra seca,,1998
,Vinho Composto,,1998
,Pisco,,1998
,Vinho orgânico,3265781.0,1998
,Espumante orgânico,,1998
,Destilado alcoólico simples de bagaceira,,1998
,Vinho acidificado,,1998
,Mosto parcialmente fermentado,,1998
,Outros derivados,,1998
Total,Total,213311110.0,1998
,VINHO DE MESA,226520776.0,1999
,Tinto,168149414.0,1999
,Branco,42528150.0,1999
,Rosado,15843212.0,1999
,VINHO FINO DE MESA (VINIFERA),45830497.0,1999
,Tinto,14640657.0,1999
,Branco,30674840.0,1999
,Rosado,515000.0,1999
,SUCO,15532303.0,1999
,Suco de uva integral,4132303.0,1999
,Suco de uva concentrado,11400000.0,1999
,Suco de uva adoçado,,1999
,Suco de uva orgânico,,1999
,Suco de uva reconstituído,,1999
,DERIVADOS,23422306.0,1999
,Espumante,6900.0,1999
,Espumante moscatel,,1999
,Base espumante,,1999
,Base espumante moscatel,,1999
,Base Champenoise champanha,,1999
,Base Charmat champanha,,1999
,Bebida de uva,,1999
,Polpa de uva,,1999
,Mosto simples,14359734.0,1999
,Mosto concentrado,411354.0,1999
,Mosto de uva com bagaço,,1999
,Mosto dessulfitado,,1999
,Mistelas,,1999
,Néctar de uva,,1999
,Licorosos,44740.0,1999
,Compostos,,1999
,Jeropiga,,1999
,Filtrado,,1999
,Frisante,,1999
,Vinho leve,,1999
,Vinho licoroso,,1999
,Brandy,,1999
,Destilado,7350.0,1999
,Bagaceira,,1999
,Licor de bagaceira,,1999
,Vinagre,,1999
,Borra líquida,,1999
,Borra seca,,1999
,Vinho Composto,,1999
,Pisco,,1999
,Vinho orgânico,8592228.0,1999
,Espumante orgânico,,1999
,Destilado alcoólico simples de bagaceira,,1999
,Vinho acidificado,,1999
,Mosto parcialmente fermentado,,1999
,Outros derivados,,1999
Total,Total,311305882.0,1999
,VINHO DE MESA,273025576.0,2000
,Tinto,208242670.0,2000
,Branco,44902276.0,2000
,Rosado,19880630.0,2000
,VINHO FINO DE MESA (VINIFERA),56209739.0,2000
,Tinto,18545613.0,2000
,Branco,36955126.0,2000
,Rosado,709000.0,2000
,SUCO,17722779.0,2000
,Suco de uva integral,3546779.0,2000
,Suco de uva concentrado,14176000.0,2000
,Suco de uva adoçado,,2000
,Suco de uva orgânico,,2000
,Suco de uva reconstituído,,2000
,DERIVADOS,25959016.0,2000
,Espumante,71410.0,2000
,Espumante moscatel,,2000
,Base espumante,,2000
,Base espumante moscatel,,2000
,Base Champenoise champanha,,2000
,Base Charmat champanha,,2000
,Bebida de uva,,2000
,Polpa de uva,,2000
,Mosto simples,16192018.0,2000
,Mosto concentrado,,2000
,Mosto de uva com bagaço,,2000
,Mosto dessulfitado,,2000
,Mistelas,33000.0,2000
,Néctar de uva,,2000
,Licorosos,21000.0,2000
,Compostos,,2000
,Jeropiga,,2000
,Filtrado,,2000
,Frisante,,2000
,Vinho leve,,2000
,Vinho licoroso,,2000
,Brandy,,2000
,Destilado,1960.0,2000
,Bagaceira,12700.0,2000
,Licor de bagaceira,,2000
,Vinagre,,2000
,Borra líquida,9626928.0,2000
,Borra seca,,2000
,Vinho Composto,,2000
,Pisco,,2000
,Vinho orgânico,,2000
,Espumante orgânico,,2000
,Destilado alcoólico simples de bagaceira,,2000
,Vinho acidificado,,2000
,Mosto parcialmente fermentado,,2000
,Outros derivados,,2000
Total,Total,372917110.0,2000
,VINHO DE MESA,228932458.0,2001
,Tinto,175267437.0,2001
,Branco,44322836.0,2001
,Rosado,9342185.0,2001
,VINHO FINO DE MESA (VINIFERA),34159277.0,2001
,Tinto,13587683.0,2001
,Branco,20393594.0,2001
,Rosado,178000.0,2001
,SUCO,17987182.0,2001
,Suco de uva integral,5196430.0,2001
,Suco de uva concentrado,12790752.0,2001
,Suco de uva adoçado,,2001
,Suco de uva orgânico,,2001
,Suco de uva reconstituído,,2001
,DERIVADOS,15498842.0,2001
,Espumante,,2001
,Espumante moscatel,276099.0,2001
,Base espumante,,2001
,Base espumante moscatel,,2001
,Base Champenoise champanha,,2001
,Base Charmat champanha,,2001
,Bebida de uva,,2001
,Polpa de uva,,2001
,Mosto simples,6977231.0,2001
,Mosto concentrado,,2001
,Mosto de uva com bagaço,,2001
,Mosto dessulfitado,,2001
,Mistelas,15000.0,2001
,Néctar de uva,,2001
,Licorosos,4000.0,2001
,Compostos,,2001
,Jeropiga,,2001
,Filtrado,,2001
,Frisante,,2001
,Vinho leve,,2001
,Vinho licoroso,,2001
,Brandy,,2001
,Destilado,,2001
,Bagaceira,10350.0,2001
,Licor de bagaceira,,2001
,Vinagre,,2001
,Borra líquida,8216162.0,2001
,Borra seca,,2001
,Vinho Composto,,2001
,Pisco,,2001
,Vinho orgânico,,2001
,Espumante orgânico,,2001
,Destilado alcoólico simples de bagaceira,,2001
,Vinho acidificado,,2001
,Mosto parcialmente fermentado,,2001
,Outros derivados,,2001
Total,Total,296577759.0,2001
,VINHO DE MESA,259589740.0,2002
,Tinto,215892333.0,2002
,Branco,35329657.0,2002
,Rosado,8367750.0,2002
,VINHO FINO DE MESA (VINIFERA),31655226.0,2002
,Tinto,13619033.0,2002
,Branco,17911689.0,2002
,Rosado,124504.0,2002
,SUCO,20228691.0,2002
,Suco de uva integral,5505889.0,2002
,Suco de uva concentrado,14722802.0,2002
,Suco de uva adoçado,,2002
,Suco de uva orgânico,,2002
,Suco de uva reconstituído,,2002
,DERIVADOS,28122348.0,2002
,Espumante,,2002
,Espumante moscatel,,2002
,Base espumante,,2002
,Base espumante moscatel,,2002
,Base Champenoise champanha,,2002
,Base Charmat champanha,,2002
,Bebida de uva,,2002
,Polpa de uva,,2002
,Mosto simples,12875000.0,2002
,Mosto concentrado,,2002
,Mosto de uva com bagaço,,2002
,Mosto dessulfitado,,2002
,Mistelas,,2002
,Néctar de uva,,2002
,Licorosos,,2002
,Compostos,,2002
,Jeropiga,,2002
,Filtrado,,2002
,Frisante,,2002
,Vinho leve,,2002
,Vinho licoroso,,2002
,Brandy,,2002
,Destilado,,2002
,Bagaceira,,2002
,Licor de bagaceira,,2002
,Vinagre,,2002
,Borra líquida,8541861.0,2002
,Borra seca,,2002
,Vinho Composto,,2002
,Pisco,,2002
,Vinho orgânico,6705487.0,2002
,Espumante orgânico,,2002
,Destilado alcoólico simples de bagaceira,,2002
,Vinho acidificado,,2002
,Mosto parcialmente fermentado,,2002
,Outros derivados,,2002
Total,Total,339596005.0,2002
,VINHO DE MESA,202545724.0,2003
,Tinto,155513687.0,2003
,Branco,40861639.0,2003
,Rosado,6170398.0,2003
,VINHO FINO DE MESA (VINIFERA),29551457.0,2003
,Tinto,15357576.0,2003
,Branco,14058481.0,2003
,Rosado,135400.0,2003
,SUCO,12420745.0,2003
,Suco de uva integral,1372381.0,2003
,Suco de uva concentrado,11048364.0,2003
,Suco de uva adoçado,,2003
,Suco de uva orgânico,,2003
,Suco de uva reconstituído,,2003
,DERIVADOS,24108352.0,2003
,Espumante,,2003
,Espumante moscatel,147600.0,2003
,Base espumante,,2003
,Base espumante moscatel,,2003
,Base Champenoise champanha,,2003
,Base Charmat champanha,,2003
,Bebida de uva,,2003
,Polpa de uva,,2003
,Mosto simples,13172480.0,2003
,Mosto concentrado,,2003
,Mosto de uva com bagaço,,2003
,Mosto dessulfitado,,2003
,Mistelas,5500.0,2003
,Néctar de uva,,2003
,Licorosos,34420.0,2003
,Compostos,,2003
,Jeropiga,,2003
,Filtrado,,2003
,Frisante,,2003
,Vinho leve,11000.0,2003
,Vinho licoroso,,2003
,Brandy,,2003
,Destilado,,2003
,Bagaceira,26800.0,2003
,Licor de bagaceira,,2003
,Vinagre,,2003
,Borra líquida,3126172.0,2003
,Borra seca,,2003
,Vinho Composto,,2003
,Pisco,,2003
,Vinho orgânico,7584380.0,2003
,Espumante orgânico,,2003
,Destilado alcoólico simples de bagaceira,,2003
,Vinho acidificado,,2003
,Mosto parcialmente fermentado,,2003
,Outros derivados,,2003
Total,Total,268626278.0,2003
,VINHO DE MESA,313962284.0,2004
,Tinto,254172425.0,2004
,Branco,51719967.0,2004
,Rosado,8069892.0,2004
,VINHO FINO DE MESA (VINIFERA),42902608.0,2004
,Tinto,23062182.0,2004
,Branco,19803647.0,2004
,Rosado,36779.0,2004
,SUCO,24078112.0,2004
,Suco de uva integral,6222380.0,2004
,Suco de uva concentrado,17855732.0,2004
,Suco de uva adoçado,,2004
,Suco de uva orgânico,,2004
,Suco de uva reconstituído,,2004
,DERIVADOS,28471858.0,2004
,Espumante,3999.0,2004
,Espumante moscatel,204000.0,2004
,Base espumante,,2004
,Base espumante moscatel,98900.0,2004
,Base Champenoise champanha,,2004
,Base Charmat champanha,,2004
,Bebida de uva,,2004
,Polpa de uva,890562.0,2004
,Mosto simples,26067525.0,2004
,Mosto concentrado,,2004
,Mosto de uva com bagaço,,2004
,Mosto dessulfitado,,2004
,Mistelas,11500.0,2004
,Néctar de uva,,2004
,Licorosos,,2004
,Compostos,,2004
,Jeropiga,,2004
,Filtrado,,2004
,Frisante,,2004
,Vinho leve,6000.0,2004
,Vinho licoroso,77800.0,2004
,Brandy,,2004
,Destilado,1000.0,2004
,Bagaceira,66082.0,2004
,Licor de bagaceira,,2004
,Vinagre,,2004
,Borra líquida,1044490.0,2004
,Borra seca,,2004
,Vinho Composto,,2004
,Pisco,,2004
,Vinho orgânico,,2004
,Espumante orgânico,,2004
,Destilado alcoólico simples de bagaceira,,2004
,Vinho acidificado,,2004
,Mosto parcialmente fermentado,,2004
,Outros derivados,,2004
Total,Total,409414862.0,2004
,VINHO DE MESA,226080432.0,2005
,Tinto,180698666.0,2005
,Branco,39212146.0,2005
,Rosado,6169620.0,2005
,VINHO FINO DE MESA (VINIFERA),45453898.0,2005
,Tinto,25409805.0,2005
,Branco,20012363.0,2005
,Rosado,31730.0,2005
,SUCO,27960596.0,2005
,Suco de uva integral,7103175.0,2005
,Suco de uva concentrado,19513244.0,2005
,Suco de uva adoçado,1344177.0,2005
,Suco de uva orgânico,,2005
,Suco de uva reconstituído,,2005
,DERIVADOS,25541605.0,2005
,Espumante,1920.0,2005
,Espumante moscatel,514480.0,2005
,Base espumante,239000.0,2005
,Base espumante moscatel,212400.0,2005
,Base Champenoise champanha,,2005
,Base Charmat champanha,,2005
,Bebida de uva,,2005
,Polpa de uva,1350672.0,2005
,Mosto simples,22429791.0,2005
,Mosto concentrado,83116.0,2005
,Mosto de uva com bagaço,,2005
,Mosto dessulfitado,,2005
,Mistelas,9960.0,2005
,Néctar de uva,,2005
,Licorosos,,2005
,Compostos,,2005
,Jeropiga,,2005
,Filtrado,,2005
,Frisante,,2005
,Vinho leve,16500.0,2005
,Vinho licoroso,125700.0,2005
,Brandy,,2005
,Destilado,,2005
,Bagaceira,32050.0,2005
,Licor de bagaceira,,2005
,Vinagre,,2005
,Borra líquida,526016.0,2005
,Borra seca,,2005
,Vinho Composto,,2005
,Pisco,,2005
,Vinho orgânico,,2005
,Espumante orgânico,,2005
,Destilado alcoólico simples de bagaceira,,2005
,Vinho acidificado,,2005
,Mosto parcialmente fermentado,,2005
,Outros derivados,,2005
Total,Total,325036531.0,2005
,VINHO DE MESA,185100887.0,2006
,Tinto,149552555.0,2006
,Branco,31738390.0,2006
,Rosado,3809942.0,2006
,VINHO FINO DE MESA (VINIFERA),32168977.0,2006
,Tinto,18868108.0,2006
,Branco,13249969.0,2006
,Rosado,50900.0,2006
,SUCO,31361096.0,2006
,Suco de uva integral,13946491.0,2006
,Suco de uva concentrado,17414605.0,2006
,Suco de uva adoçado,,2006
,Suco de uva orgânico,,2006
,Suco de uva reconstituído,,2006
,DERIVADOS,27752531.0,2006
,Espumante,26600.0,2006
,Espumante moscatel,320514.0,2006
,Base espumante,,2006
,Base espumante moscatel,362589.0,2006
,Base Champenoise champanha,,2006
,Base Charmat champanha,,2006
,Bebida de uva,,2006
,Polpa de uva,1006000.0,2006
,Mosto simples,25903812.0,2006
,Mosto concentrado,,2006
,Mosto de uva com bagaço,,2006
,Mosto dessulfitado,,2006
,Mistelas,,2006
,Néctar de uva,,2006
,Licorosos,,2006
,Compostos,,2006
,Jeropiga,,2006
,Filtrado,,2006
,Frisante,,2006
,Vinho leve,,2006
,Vinho licoroso,28500.0,2006
,Brandy,,2006
,Destilado,,2006
,Bagaceira,24250.0,2006
,Licor de bagaceira,,2006
,Vinagre,,2006
,Borra líquida,57333.0,2006
,Borra seca,,2006
,Vinho Composto,,2006
,Pisco,,2006
,Vinho orgânico,22933.0,2006
,Espumante orgânico,,2006
,Destilado alcoólico simples de bagaceira,,2006
,Vinho acidificado,,2006
,Mosto parcialmente fermentado,,2006
,Outros derivados,,2006
Total,Total,276383491.0,2006
,VINHO DE MESA,275287908.0,2007
,Tinto,228156220.0,2007
,Branco,42118552.0,2007
,Rosado,5013136.0,2007
,VINHO FINO DE MESA (VINIFERA),43176484.0,2007
,Tinto,24786071.0,2007
,Branco,17598428.0,2007
,Rosado,791985.0,2007
,SUCO,30136844.0,2007
,Suco de uva integral,10147037.0,2007
,Suco de uva concentrado,19280709.0,2007
,Suco de uva adoçado,709098.0,2007
,Suco de uva orgânico,,2007
,Suco de uva reconstituído,,2007
,DERIVADOS,42011603.0,2007
,Espumante,,2007
,Espumante moscatel,589332.0,2007
,Base espumante,78250.0,2007
,Base espumante moscatel,111200.0,2007
,Base Champenoise champanha,,2007
,Base Charmat champanha,,2007
,Bebida de uva,,2007
,Polpa de uva,1083202.0,2007
,Mosto simples,37558010.0,2007
,Mosto concentrado,110000.0,2007
,Mosto de uva com bagaço,,2007
,Mosto dessulfitado,,2007
,Mistelas,1900.0,2007
,Néctar de uva,,2007
,Licorosos,,2007
,Compostos,,2007
,Jeropiga,,2007
,Filtrado,,2007
,Frisante,,2007
,Vinho leve,,2007
,Vinho licoroso,27926.0,2007
,Brandy,,2007
,Destilado,,2007
,Bagaceira,48500.0,2007
,Licor de bagaceira,,2007
,Vinagre,,2007
,Borra líquida,2095873.0,2007
,Borra seca,,2007
,Vinho Composto,,2007
,Pisco,,2007
,Vinho orgânico,307410.0,2007
,Espumante orgânico,,2007
,Destilado alcoólico simples de bagaceira,,2007
,Vinho acidificado,,2007
,Mosto parcialmente fermentado,,2007
,Outros derivados,,2007
Total,Total,390612839.0,2007
,VINHO DE MESA,287506811.0,2008
,Tinto,241057928.0,2008
,Branco,42942053.0,2008
,Rosado,3506830.0,2008
,VINHO FINO DE MESA (VINIFERA),47334501.0,2008
,Tinto,27583032.0,2008
,Branco,18812571.0,2008
,Rosado,938898.0,2008
,SUCO,35647994.0,2008
,Suco de uva integral,11817941.0,2008
,Suco de uva concentrado,23014646.0,2008
,Suco de uva adoçado,815407.0,2008
,Suco de uva orgânico,,2008
,Suco de uva reconstituído,,2008
,DERIVADOS,59622293.0,2008
,Espumante,88690.0,2008
,Espumante moscatel,1113462.0,2008
,Base espumante,220120.0,2008
,Base espumante moscatel,474721.0,2008
,Base Champenoise champanha,,2008
,Base Charmat champanha,,2008
,Bebida de uva,1082700.0,2008
,Polpa de uva,1188260.0,2008
,Mosto simples,53683415.0,2008
,Mosto concentrado,,2008
,Mosto de uva com bagaço,,2008
,Mosto dessulfitado,,2008
,Mistelas,2000.0,2008
,Néctar de uva,,2008
,Licorosos,,2008
,Compostos,,2008
,Jeropiga,,2008
,Filtrado,,2008
,Frisante,,2008
,Vinho leve,,2008
,Vinho licoroso,65650.0,2008
,Brandy,,2008
,Destilado,,2008
,Bagaceira,8500.0,2008
,Licor de bagaceira,,2008
,Vinagre,,2008
,Borra líquida,1679775.0,2008
,Borra seca,,2008
,Vinho Composto,,2008
,Pisco,,2008
,Vinho orgânico,15000.0,2008
,Espumante orgânico,,2008
,Destilado alcoólico simples de bagaceira,,2008
,Vinho acidificado,,2008
,Mosto parcialmente fermentado,,2008
,Outros derivados,,2008
Total,Total,430111599.0,2008
,VINHO DE MESA,205418206.0,2009
,Tinto,164143454.0,2009
,Branco,39211278.0,2009
,Rosado,2063474.0,2009
,VINHO FINO DE MESA (VINIFERA),39900568.0,2009
,Tinto,18209043.0,2009
,Branco,21366975.0,2009
,Rosado,324550.0,2009
,SUCO,39715098.0,2009
,Suco de uva integral,16034003.0,2009
,Suco de uva concentrado,23006457.0,2009
,Suco de uva adoçado,674638.0,2009
,Suco de uva orgânico,,2009
,Suco de uva reconstituído,,2009
,DERIVADOS,56787892.0,2009
,Espumante,,2009
,Espumante moscatel,1190500.0,2009
,Base espumante,335850.0,2009
,Base espumante moscatel,442150.0,2009
,Base Champenoise champanha,,2009
,Base Charmat champanha,,2009
,Bebida de uva,420.0,2009
,Polpa de uva,1352417.0,2009
,Mosto simples,53418555.0,2009
,Mosto concentrado,,2009
,Mosto de uva com bagaço,,2009
,Mosto dessulfitado,,2009
,Mistelas,3500.0,2009
,Néctar de uva,,2009
,Licorosos,38000.0,2009
,Compostos,,2009
,Jeropiga,,2009
,Filtrado,,2009
,Frisante,,2009
,Vinho leve,,2009
,Vinho licoroso,,2009
,Brandy,,2009
,Destilado,,2009
,Bagaceira,6500.0,2009
,Licor de bagaceira,,2009
,Vinagre,,2009
,Borra líquida,,2009
,Borra seca,,2009
,Vinho Composto,,2009
,Pisco,,2009
,Vinho orgânico,,2009
,Espumante orgânico,,2009
,Destilado alcoólico simples de bagaceira,,2009
,Vinho acidificado,,2009
,Mosto parcialmente fermentado,,2009
,Outros derivados,,2009
Total,Total,341821764.0,2009
,VINHO DE MESA,195267980.0,2010
,Tinto,157290088.0,2010
,Branco,35408083.0,2010
,Rosado,2569809.0,2010
,VINHO FINO DE MESA (VINIFERA),24805713.0,2010
,Tinto,11401406.0,2010
,Branco,13013027.0,2010
,Rosado,391280.0,2010
,SUCO,50125944.0,2010
,Suco de uva integral,26887259.0,2010
,Suco de uva concentrado,23238685.0,2010
,Suco de uva adoçado,,2010
,Suco de uva orgânico,,2010
,Suco de uva reconstituído,,2010
,DERIVADOS,51210756.0,2010
,Espumante,10125.0,2010
,Espumante moscatel,703393.0,2010
,Base espumante,,2010
,Base espumante moscatel,1144508.0,2010
,Base Champenoise champanha,92082.0,2010
,Base Charmat champanha,254000.0,2010
,Bebida de uva,7900.0,2010
,Polpa de uva,1951606.0,2010
,Mosto simples,45912040.0,2010
,Mosto concentrado,,2010
,Mosto de uva com bagaço,,2010
,Mosto dessulfitado,,2010
,Mistelas,,2010
,Néctar de uva,,2010
,Licorosos,,2010
,Compostos,,2010
,Jeropiga,69000.0,2010
,Filtrado,,2010
,Frisante,831000.0,2010
,Vinho leve,,2010
,Vinho licoroso,15000.0,2010
,Brandy,,2010
,Destilado,,2010
,Bagaceira,,2010
,Licor de bagaceira,,2010
,Vinagre,5817.0,2010
,Borra líquida,64304.0,2010
,Borra seca,149981.0,2010
,Vinho Composto,,2010
,Pisco,,2010
,Vinho orgânico,,2010
,Espumante orgânico,,2010
,Destilado alcoólico simples de bagaceira,,2010
,Vinho acidificado,,2010
,Mosto parcialmente fermentado,,2010
,Outros derivados,,2010
Total,Total,321410393.0,2010
,VINHO DE MESA,257840749.0,2011
,Tinto,210113358.0,2011
,Branco,46007504.0,2011
,Rosado,1719887.0,2011
,VINHO FINO DE MESA (VINIFERA),47598471.0,2011
,Tinto,24104740.0,2011
,Branco,22739426.0,2011
,Rosado,754305.0,2011
,SUCO,69364324.0,2011
,Suco de uva integral,39487800.0,2011
,Suco de uva concentrado,29564324.0,2011
,Suco de uva adoçado,312200.0,2011
,Suco de uva orgânico,,2011
,Suco de uva reconstituído,,2011
,DERIVADOS,85748723.0,2011
,Espumante,26361.0,2011
,Espumante moscatel,219100.0,2011
,Base espumante,,2011
,Base espumante moscatel,2749540.0,2011
,Base Champenoise champanha,74746.0,2011
,Base Charmat champanha,865858.0,2011
,Bebida de uva,,2011
,Polpa de uva,2480120.0,2011
,Mosto simples,77285998.0,2011
,Mosto concentrado,,2011
,Mosto de uva com bagaço,1037600.0,2011
,Mosto dessulfitado,,2011
,Mistelas,,2011
,Néctar de uva,,2011
,Licorosos,,2011
,Compostos,,2011
,Jeropiga,,2011
,Filtrado,,2011
,Frisante,1003800.0,2011
,Vinho leve,,2011
,Vinho licoroso,,2011
,Brandy,,2011
,Destilado,,2011
,Bagaceira,,2011
,Licor de bagaceira,,2011
,Vinagre,,2011
,Borra líquida,,2011
,Borra seca,,2011
,Vinho Composto,,2011
,Pisco,,2011
,Vinho orgânico,5600.0,2011
,Espumante orgânico,,2011
,Destilado alcoólico simples de bagaceira,,2011
,Vinho acidificado,,2011
,Mosto parcialmente fermentado,,2011
,Outros derivados,,2011
Total,Total,460552267.0,2011
,VINHO DE MESA,212777037.0,2012
,Tinto,175875432.0,2012
,Branco,34938249.0,2012
,Rosado,1963356.0,2012
,VINHO FINO DE MESA (VINIFERA),45200730.0,2012
,Tinto,24027589.0,2012
,Branco,20647238.0,2012
,Rosado,525903.0,2012
,SUCO,70066732.0,2012
,Suco de uva integral,31908829.0,2012
,Suco de uva concentrado,37624855.0,2012
,Suco de uva adoçado,533048.0,2012
,Suco de uva orgânico,,2012
,Suco de uva reconstituído,,2012
,DERIVADOS,100757101.0,2012
,Espumante,17200.0,2012
,Espumante moscatel,139775.0,2012
,Base espumante,,2012
,Base espumante moscatel,2798908.0,2012
,Base Champenoise champanha,369278.0,2012
,Base Charmat champanha,479625.0,2012
,Bebida de uva,,2012
,Polpa de uva,2797665.0,2012
,Mosto simples,93341575.0,2012
,Mosto concentrado,,2012
,Mosto de uva com bagaço,,2012
,Mosto dessulfitado,,2012
,Mistelas,200.0,2012
,Néctar de uva,,2012
,Licorosos,26775.0,2012
,Compostos,7600.0,2012
,Jeropiga,,2012
,Filtrado,,2012
,Frisante,778500.0,2012
,Vinho leve,,2012
,Vinho licoroso,,2012
,Brandy,,2012
,Destilado,,2012
,Bagaceira,,2012
,Licor de bagaceira,,2012
,Vinagre,,2012
,Borra líquida,,2012
,Borra seca,,2012
,Vinho Composto,,2012
,Pisco,,2012
,Vinho orgânico,,2012
,Espumante orgânico,,2012
,Destilado alcoólico simples de bagaceira,,2012
,Vinho acidificado,,2012
,Mosto parcialmente fermentado,,2012
,Outros derivados,,2012
Total,Total,428801600.0,2012
,VINHO DE MESA,196904222.0,2013
,Tinto,163111797.0,2013
,Branco,32066403.0,2013
,Rosado,1726022.0,2013
,VINHO FINO DE MESA (VINIFERA),45782530.0,2013
,Tinto,23156458.0,2013
,Branco,21906349.0,2013
,Rosado,719723.0,2013
,SUCO,64879790.0,2013
,Suco de uva integral,33673396.0,2013
,Suco de uva concentrado,31206394.0,2013
,Suco de uva adoçado,,2013
,Suco de uva orgânico,,2013
,Suco de uva reconstituído,,2013
,DERIVADOS,64072127.0,2013
,Espumante,30275.0,2013
,Espumante moscatel,159781.0,2013
,Base espumante,,2013
,Base espumante moscatel,1470700.0,2013
,Base Champenoise champanha,359617.0,2013
,Base Charmat champanha,624728.0,2013
,Bebida de uva,4260.0,2013
,Polpa de uva,1742152.0,2013
,Mosto simples,58517506.0,2013
,Mosto concentrado,,2013
,Mosto de uva com bagaço,,2013
,Mosto dessulfitado,,2013
,Mistelas,2500.0,2013
,Néctar de uva,10000.0,2013
,Licorosos,,2013
,Compostos,,2013
,Jeropiga,,2013
,Filtrado,,2013
,Frisante,1009000.0,2013
,Vinho leve,,2013
,Vinho licoroso,100.0,2013
,Brandy,,2013
,Destilado,,2013
,Bagaceira,,2013
,Licor de bagaceira,,2013
,Vinagre,,2013
,Borra líquida,63111.0,2013
,Borra seca,78397.0,2013
,Vinho Composto,,2013
,Pisco,,2013
,Vinho orgânico,,2013
,Espumante orgânico,,2013
,Destilado alcoólico simples de bagaceira,,2013
,Vinho acidificado,,2013
,Mosto parcialmente fermentado,,2013
,Outros derivados,,2013
Total,Total,371638669.0,2013
,VINHO DE MESA,196173123.0,2014
,Tinto,157776363.0,2014
,Branco,37438069.0,2014
,Rosado,958691.0,2014
,VINHO FINO DE MESA (VINIFERA),38464314.0,2014
,Tinto,17208996.0,2014
,Branco,20054804.0,2014
,Rosado,1200514.0,2014
,SUCO,76723537.0,2014
,Suco de uva integral,43331223.0,2014
,Suco de uva concentrado,33392314.0,2014
,Suco de uva adoçado,,2014
,Suco de uva orgânico,,2014
,Suco de uva reconstituído,,2014
,DERIVADOS,62907281.0,2014
,Espumante,2700.0,2014
,Espumante moscatel,100000.0,2014
,Base espumante,,2014
,Base espumante moscatel,1808044.0,2014
,Base Champenoise champanha,234725.0,2014
,Base Charmat champanha,376968.0,2014
,Bebida de uva,3860.0,2014
,Polpa de uva,2484000.0,2014
,Mosto simples,57582195.0,2014
,Mosto concentrado,,2014
,Mosto de uva com bagaço,,2014
,Mosto dessulfitado,,2014
,Mistelas,1000.0,2014
,Néctar de uva,1140.0,2014
,Licorosos,,2014
,Compostos,,2014
,Jeropiga,,2014
,Filtrado,,2014
,Frisante,26069.0,2014
,Vinho leve,,2014
,Vinho licoroso,36000.0,2014
,Brandy,,2014
,Destilado,,2014
,Bagaceira,,2014
,Licor de bagaceira,,2014
,Vinagre,53776.0,2014
,Borra líquida,50954.0,2014
,Borra seca,142850.0,2014
,Vinho Composto,3000.0,2014
,Pisco,,2014
,Vinho orgânico,,2014
,Espumante orgânico,,2014
,Destilado alcoólico simples de bagaceira,,2014
,Vinho acidificado,,2014
,Mosto parcialmente fermentado,,2014
,Outros derivados,,2014
Total,Total,374268255.0,2014
,VINHO DE MESA,210308560.0,2015
,Tinto,169811472.0,2015
,Branco,39557250.0,2015
,Rosado,939838.0,2015
,VINHO FINO DE MESA (VINIFERA),37148982.0,2015
,Tinto,16745896.0,2015
,Branco,19561966.0,2015
,Rosado,841120.0,2015
,SUCO,87894468.0,2015
,Suco de uva integral,52233155.0,2015
,Suco de uva concentrado,35661313.0,2015
,Suco de uva adoçado,,2015
,Suco de uva orgânico,,2015
,Suco de uva reconstituído,,2015
,DERIVADOS,107349704.0,2015
,Espumante,23750.0,2015
,Espumante moscatel,110100.0,2015
,Base espumante,,2015
,Base espumante moscatel,1607727.0,2015
,Base Champenoise champanha,605001.0,2015
,Base Charmat champanha,1466259.0,2015
,Bebida de uva,922.0,2015
,Polpa de uva,2371140.0,2015
,Mosto simples,100911592.0,2015
,Mosto concentrado,,2015
,Mosto de uva com bagaço,,2015
,Mosto dessulfitado,,2015
,Mistelas,,2015
,Néctar de uva,1000.0,2015
,Licorosos,,2015
,Compostos,,2015
,Jeropiga,,2015
,Filtrado,,2015
,Frisante,,2015
,Vinho leve,,2015
,Vinho licoroso,56000.0,2015
,Brandy,,2015
,Destilado,,2015
,Bagaceira,1350.0,2015
,Licor de bagaceira,,2015
,Vinagre,25800.0,2015
,Borra líquida,48833.0,2015
,Borra seca,120230.0,2015
,Vinho Composto,,2015
,Pisco,,2015
,Vinho orgânico,,2015
,Espumante orgânico,,2015
,Destilado alcoólico simples de bagaceira,,2015
,Vinho acidificado,,2015
,Mosto parcialmente fermentado,,2015
,Outros derivados,,2015
Total,Total,442701714.0,2015
,VINHO DE MESA,86319015.0,2016
,Tinto,75279191.0,2016
,Branco,10727099.0,2016
,Rosado,312725.0,2016
,VINHO FINO DE MESA (VINIFERA),18070626.0,2016
,Tinto,8774847.0,2016
,Branco,8705066.0,2016
,Rosado,590713.0,2016
,SUCO,42210389.0,2016
,Suco de uva integral,31117869.0,2016
,Suco de uva concentrado,11092520.0,2016
,Suco de uva adoçado,,2016
,Suco de uva orgânico,,2016
,Suco de uva reconstituído,,2016
,DERIVADOS,53950314.0,2016
,Espumante,1500.0,2016
,Espumante moscatel,100000.0,2016
,Base espumante,,2016
,Base espumante moscatel,1325700.0,2016
,Base Champenoise champanha,740395.0,2016
,Base Charmat champanha,250280.0,2016
,Bebida de uva,3474.0,2016
,Polpa de uva,1620430.0,2016
,Mosto simples,49770993.0,2016
,Mosto concentrado,,2016
,Mosto de uva com bagaço,,2016
,Mosto dessulfitado,,2016
,Mistelas,,2016
,Néctar de uva,,2016
,Licorosos,,2016
,Compostos,,2016
,Jeropiga,,2016
,Filtrado,,2016
,Frisante,,2016
,Vinho leve,,2016
,Vinho licoroso,24200.0,2016
,Brandy,,2016
,Destilado,,2016
,Bagaceira,1000.0,2016
,Licor de bagaceira,,2016
,Vinagre,5000.0,2016
,Borra líquida,24975.0,2016
,Borra seca,82367.0,2016
,Vinho Composto,,2016
,Pisco,,2016
,Vinho orgânico,,2016
,Espumante orgânico,,2016
,Destilado alcoólico simples de bagaceira,,2016
,Vinho acidificado,,2016
,Mosto parcialmente fermentado,,2016
,Outros derivados,,2016
Total,Total,200550344.0,2016
,VINHO DE MESA,255015187.0,2017
,Tinto,1365957.0,2017
,Branco,217527985.0,2017
,Rosado,36121245.0,2017
,VINHO FINO DE MESA (VINIFERA),44537870.0,2017
,Tinto,21442212.0,2017
,Branco,21928400.0,2017
,Rosado,1167258.0,2017
,SUCO,77161971.0,2017
,Suco de uva integral,46865626.0,2017
,Suco de uva concentrado,30059271.0,2017
,Suco de uva adoçado,177774.0,2017
,Suco de uva orgânico,,2017
,Suco de uva reconstituído,59300.0,2017
,DERIVADOS,109116761.0,2017
,Espumante,11280.0,2017
,Espumante moscatel,152375.0,2017
,Base espumante,,2017
,Base espumante moscatel,1965629.0,2017
,Base Champenoise champanha,1552403.0,2017
,Base Charmat champanha,893364.0,2017
,Bebida de uva,,2017
,Polpa de uva,2507125.0,2017
,Mosto simples,101010116.0,2017
,Mosto concentrado,,2017
,Mosto de uva com bagaço,772110.0,2017
,Mosto dessulfitado,,2017
,Mistelas,1500.0,2017
,Néctar de uva,3000.0,2017
,Licorosos,110820.0,2017
,Compostos,,2017
,Jeropiga,,2017
,Filtrado,,2017
,Frisante,,2017
,Vinho leve,,2017
,Vinho licoroso,110820.0,2017
,Brandy,,2017
,Destilado,,2017
,Bagaceira,900.0,2017
,Licor de bagaceira,,2017
,Vinagre,25319.0,2017
,Borra líquida,,2017
,Borra seca,,2017
,Vinho Composto,,2017
,Pisco,,2017
,Vinho orgânico,,2017
,Espumante orgânico,,2017
,Destilado alcoólico simples de bagaceira,,2017
,Vinho acidificado,,2017
,Mosto parcialmente fermentado,,2017
,Outros derivados,,2017
Total,Total,485831789.0,2017
,VINHO DE MESA,218375636.0,2018
,Tinto,188270142.0,2018
,Branco,29229970.0,2018
,Rosado,875524.0,2018
,VINHO FINO DE MESA (VINIFERA),38707220.0,2018
,Tinto,19118254.0,2018
,Branco,18297257.0,2018
,Rosado,1291709.0,2018
,SUCO,65467906.0,2018
,Suco de uva integral,34367996.0,2018
,Suco de uva concentrado,31099910.0,2018
,Suco de uva adoçado,,2018
,Suco de uva orgânico,,2018
,Suco de uva reconstituído,,2018
,DERIVADOS,95202101.0,2018
,Espumante,68500.0,2018
,Espumante moscatel,326200.0,2018
,Base espumante,,2018
,Base espumante moscatel,1320650.0,2018
,Base Champenoise champanha,228518.0,2018
,Base Charmat champanha,1746540.0,2018
,Bebida de uva,,2018
,Polpa de uva,2112683.0,2018
,Mosto simples,88910980.0,2018
,Mosto concentrado,,2018
,Mosto de uva com bagaço,,2018
,Mosto dessulfitado,,2018
,Mistelas,2000.0,2018
,Néctar de uva,,2018
,Licorosos,,2018
,Compostos,,2018
,Jeropiga,,2018
,Filtrado,,2018
,Frisante,,2018
,Vinho leve,8000.0,2018
,Vinho licoroso,124303.0,2018
,Brandy,,2018
,Destilado,680.0,2018
,Bagaceira,2100.0,2018
,Licor de bagaceira,,2018
,Vinagre,25367.0,2018
,Borra líquida,255100.0,2018
,Borra seca,70480.0,2018
,Vinho Composto,,2018
,Pisco,,2018
,Vinho orgânico,,2018
,Espumante orgânico,,2018
,Destilado alcoólico simples de bagaceira,,2018
,Vinho acidificado,,2018
,Mosto parcialmente fermentado,,2018
,Outros derivados,,2018
Total,Total,417752863.0,2018
,VINHO DE MESA,144629737.0,2019
,Tinto,121045115.0,2019
,Branco,22032828.0,2019
,Rosado,1551794.0,2019
,VINHO FINO DE MESA (VINIFERA),37615422.0,2019
,Tinto,17389377.0,2019
,Branco,18193055.0,2019
,Rosado,2032990.0,2019
,SUCO,77805352.0,2019
,Suco de uva integral,50239767.0,2019
,Suco de uva concentrado,26861009.0,2019
,Suco de uva adoçado,120320.0,2019
,Suco de uva orgânico,,2019
,Suco de uva reconstituído,584256.0,2019
,DERIVADOS,142888747.0,2019
,Espumante,52176.0,2019
,Espumante moscatel,515800.0,2019
,Base espumante,,2019
,Base espumante moscatel,1962443.0,2019
,Base Champenoise champanha,274903.0,2019
,Base Charmat champanha,1188095.0,2019
,Bebida de uva,,2019
,Polpa de uva,1480269.0,2019
,Mosto simples,135614344.0,2019
,Mosto concentrado,,2019
,Mosto de uva com bagaço,645816.0,2019
,Mosto dessulfitado,1000.0,2019
,Mistelas,3000.0,2019
,Néctar de uva,32519.0,2019
,Licorosos,,2019
,Compostos,,2019
,Jeropiga,,2019
,Filtrado,,2019
,Frisante,,2019
,Vinho leve,,2019
,Vinho licoroso,99485.0,2019
,Brandy,,2019
,Destilado,,2019
,Bagaceira,10495.0,2019
,Licor de bagaceira,1507.0,2019
,Vinagre,76096.0,2019
,Borra líquida,901431.0,2019
,Borra seca,25996.0,2019
,Vinho Composto,,2019
,Pisco,3372.0,2019
,Vinho orgânico,,2019
,Espumante orgânico,,2019
,Destilado alcoólico simples de bagaceira,,2019
,Vinho acidificado,,2019
,Mosto parcialmente fermentado,,2019
,Outros derivados,,2019
Total,Total,402939258.0,2019
,VINHO DE MESA,124200414.0,2020
,Tinto,103916391.0,2020
,Branco,19568734.0,2020
,Rosado,715289.0,2020
,VINHO FINO DE MESA (VINIFERA),32516686.0,2020
,Tinto,15451883.0,2020
,Branco,15487915.0,2020
,Rosado,1576888.0,2020
,SUCO,69261287.0,2020
,Suco de uva integral,40718523.0,2020
,Suco de uva concentrado,27963865.0,2020
,Suco de uva adoçado,107289.0,2020
,Suco de uva orgânico,471610.0,2020
,Suco de uva reconstituído,,2020
,DERIVADOS,92533804.0,2020
,Espumante,32399.0,2020
,Espumante moscatel,689139.0,2020
,Base espumante,,2020
,Base espumante moscatel,3006705.0,2020
,Base Champenoise champanha,200777.0,2020
,Base Charmat champanha,2487939.0,2020
,Bebida de uva,,2020
,Polpa de uva,1803472.0,2020
,Mosto simples,80355474.0,2020
,Mosto concentrado,,2020
,Mosto de uva com bagaço,3078256.0,2020
,Mosto dessulfitado,5000.0,2020
,Mistelas,,2020
,Néctar de uva,46000.0,2020
,Licorosos,,2020
,Compostos,,2020
,Jeropiga,2000.0,2020
,Filtrado,,2020
,Frisante,,2020
,Vinho leve,,2020
,Vinho licoroso,48678.0,2020
,Brandy,,2020
,Destilado,,2020
,Bagaceira,,2020
,Licor de bagaceira,5800.0,2020
,Vinagre,10000.0,2020
,Borra líquida,509378.0,2020
,Borra seca,167587.0,2020
,Vinho Composto,,2020
,Pisco,1000.0,2020
,Vinho orgânico,18700.0,2020
,Espumante orgânico,,2020
,Destilado alcoólico simples de bagaceira,500.0,2020
,Vinho acidificado,65000.0,2020
,Mosto parcialmente fermentado,,2020
,Outros derivados,,2020
Total,Total,318512191.0,2020
,VINHO DE MESA,173899995.0,2021
,Tinto,146075996.0,2021
,Branco,26432799.0,2021
,Rosado,1391200.0,2021
,VINHO FINO DE MESA (VINIFERA),43474998.0,2021
,Tinto,20433249.0,2021
,Branco,20867999.0,2021
,Rosado,2173750.0,2021
,SUCO,100932264.0,2021
,Suco de uva integral,68038479.0,2021
,Suco de uva concentrado,32131218.0,2021
,Suco de uva adoçado,40450.0,2021
,Suco de uva orgânico,722117.0,2021
,Suco de uva reconstituído,,2021
,DERIVADOS,169031493.0,2021
,Espumante,70091.0,2021
,Espumante moscatel,11950.0,2021
,Base espumante,5475049.0,2021
,Base espumante moscatel,5549471.0,2021
,Base Champenoise champanha,,2021
,Base Charmat champanha,,2021
,Bebida de uva,2000.0,2021
,Polpa de uva,1180578.0,2021
,Mosto simples,153579926.0,2021
,Mosto concentrado,,2021
,Mosto de uva com bagaço,618764.0,2021
,Mosto dessulfitado,1532000.0,2021
,Mistelas,2500.0,2021
,Néctar de uva,18187.0,2021
,Licorosos,,2021
,Compostos,,2021
,Jeropiga,3540.0,2021
,Filtrado,,2021
,Frisante,1390.0,2021
,Vinho leve,,2021
,Vinho licoroso,30000.0,2021
,Brandy,120.0,2021
,Destilado,,2021
,Bagaceira,12060.0,2021
,Licor de bagaceira,,2021
,Vinagre,7500.0,2021
,Borra líquida,116450.0,2021
,Borra seca,16789.0,2021
,Vinho Composto,160000.0,2021
,Pisco,,2021
,Vinho orgânico,93884.0,2021
,Espumante orgânico,2412.0,2021
,Destilado alcoólico simples de bagaceira,3000.0,2021
,Vinho acidificado,,2021
,Mosto parcialmente fermentado,543510.0,2021
,Outros derivados,322.0,2021
Total,Total,487338750.0,2021
,VINHO DE MESA,195031611.0,2022
,Tinto,162844214.0,2022
,Branco,30198430.0,2022
,Rosado,1988968.0,2022
,VINHO FINO DE MESA (VINIFERA),47511796.0,2022
,Tinto,24417918.0,2022
,Branco,20896613.0,2022
,Rosado,2197265.0,2022
,SUCO,65809079.0,2022
,Suco de uva integral,35248305.0,2022
,Suco de uva concentrado,29892550.0,2022
,Suco de uva adoçado,79130.0,2022
,Suco de uva orgânico,589094.0,2022
,Suco de uva reconstituído,,2022
,DERIVADOS,138501226.0,2022
,Espumante,70759.0,2022
,Espumante moscatel,27200.0,2022
,Base espumante,,2022
,Base espumante moscatel,6308043.0,2022
,Base Champenoise champanha,1146717.0,2022
,Base Charmat champanha,4078766.0,2022
,Bebida de uva,,2022
,Polpa de uva,387886.0,2022
,Mosto simples,126048241.0,2022
,Mosto concentrado,,2022
,Mosto de uva com bagaço,,2022
,Mosto dessulfitado,,2022
,Mistelas,,2022
,Néctar de uva,,2022
,Licorosos,,2022
,Compostos,,2022
,Jeropiga,5000.0,2022
,Filtrado,,2022
,Frisante,,2022
,Vinho leve,,2022
,Vinho licoroso,67000.0,2022
,Brandy,,2022
,Destilado,,2022
,Bagaceira,4998.0,2022
,Licor de bagaceira,,2022
,Vinagre,16200.0,2022
,Borra líquida,,2022
,Borra seca,,2022
,Vinho Composto,,2022
,Pisco,,2022
,Vinho orgânico,88890.0,2022
,Espumante orgânico,,2022
,Destilado alcoólico simples de bagaceira,4300.0,2022
,Vinho acidificado,,2022
,Mosto parcialmente fermentado,,2022
,Outros derivados,247228.0,2022
Total,Total,446853712.0,2022
,VINHO DE MESA,169762429.0,2023
,Tinto,139320884.0,2023
,Branco,27910299.0,2023
,Rosado,2531246.0,2023
,VINHO FINO DE MESA (VINIFERA),46268556.0,2023
,Tinto,23615783.0,2023
,Branco,20693437.0,2023
,Rosado,1959336.0,2023
,SUCO,67045238.0,2023
,Suco de uva integral,38122173.0,2023
,Suco de uva concentrado,28216760.0,2023
,Suco de uva adoçado,94587.0,2023
,Suco de uva orgânico,611718.0,2023
,Suco de uva reconstituído,,2023
,DERIVADOS,174716647.0,2023
,Espumante,65525.0,2023
,Espumante moscatel,14744.0,2023
,Base espumante,,2023
,Base espumante moscatel,6734590.0,2023
,Base Champenoise champanha,1552243.0,2023
,Base Charmat champanha,5418118.0,2023
,Bebida de uva,1627.0,2023
,Polpa de uva,1388251.0,2023
,Mosto simples,157848983.0,2023
,Mosto concentrado,,2023
,Mosto de uva com bagaço,7784.0,2023
,Mosto dessulfitado,,2023
,Mistelas,600.0,2023
,Néctar de uva,70976.0,2023
,Licorosos,,2023
,Compostos,,2023
,Jeropiga,4500.0,2023
,Filtrado,,2023
,Frisante,,2023
,Vinho leve,,2023
,Vinho licoroso,73600.0,2023
,Brandy,450.0,2023
,Destilado,,2023
,Bagaceira,,2023
,Licor de bagaceira,,2023
,Vinagre,9000.0,2023
,Borra líquida,758140.0,2023
,Borra seca,17200.0,2023
,Vinho Composto,,2023
,Pisco,,2023
,Vinho orgânico,94150.0,2023
,Espumante orgânico,1365.0,2023
,Destilado alcoólico simples de bagaceira,,2023
,Vinho acidificado,2500.0,2023
,Mosto parcialmente fermentado,,2023
,Outros derivados,652301.0,2023
Total,Total,457792870.0,2023
